fixed acidity,volatile acidity,citric acid,residual sugar,chlorides,free sulfur dioxide,total sulfur dioxide,density,pH,sulphates,alcohol
6.3,1.09,0.02,2.1,0.088,14.0,43.0,0.99601,3.4,0.66,9.6
10.9,0.51,0.56,8.0,0.079,42.0,72.0,0.99799,3.18,0.55,11.9
6.5,0.71,0.01,1.6,0.08,40.0,86.0,0.99586,3.55,0.55,9.8
13.3,0.32,0.5,9.3,0.087,23.0,41.0,1.00178,3.07,1.19,10.1
9.3,0.43,0.02,1.4,0.071,15.0,87.0,0.99893,3.32,0.6,9.3
10.1,0.53,0.1,2.0,0.055,11.0,61.0,0.99699,3.24,0.55,10.8
7.9,0.4,0.33,3.7,0.077,24.0,26.0,0.99801,3.43,0.56,10.0
6.9,0.72,0.04,1.8,0.354,11.0,46.0,0.99403,3.19,0.75,10.0
7.4,0.29,0.33,2.7,0.078,26.0,53.0,0.99691,3.33,0.71,10.0
13.4,0.46,0.49,2.5,0.079,18.0,23.0,0.99902,3.09,0.76,11.2
8.6,0.6,0.13,2.6,0.116,16.0,40.0,0.99991,3.31,0.6,9.3
7.4,0.36,0.49,2.1,0.077,9.0,28.0,0.9941,3.3,0.77,12.0
7.1,0.54,0.0,1.8,0.081,8.0,14.0,0.9959,3.42,0.46,10.2
6.8,0.51,0.18,2.0,0.07,50.0,155.0,0.99508,3.36,0.65,10.5
11.3,0.63,0.5,2.1,0.155,22.0,65.0,0.99723,3.12,0.85,10.9
8.5,0.61,0.23,3.4,0.08,25.0,28.0,0.99782,3.23,0.71,10.0
6.0,0.34,0.04,2.1,0.079,37.0,40.0,0.99501,3.62,0.63,10.8
7.0,0.39,0.07,2.0,0.054,16.0,21.0,0.99494,3.45,0.83,10.5
9.1,0.86,0.23,2.0,0.075,18.0,111.0,0.99602,3.27,0.69,11.4
7.0,0.68,0.5,3.2,0.365,31.0,78.0,0.99794,3.33,0.67,9.2
12.4,0.39,0.76,1.8,0.074,8.0,99.0,0.99687,3.0,0.73,11.8
11.8,0.54,0.67,2.6,0.082,11.0,67.0,0.99793,3.12,0.57,10.2
6.3,0.44,0.25,4.4,0.102,16.0,75.0,0.99633,3.43,0.67,9.4
9.1,0.41,0.07,1.9,0.125,5.0,22.0,0.99787,3.13,0.88,9.2
6.1,0.72,0.0,1.6,0.094,22.0,16.0,0.99499,3.49,0.56,9.0
6.3,0.51,0.19,1.9,0.086,9.0,71.0,0.99151,3.37,0.48,11.1
5.9,0.72,0.02,3.0,0.075,9.0,54.0,0.99504,3.57,0.55,11.3
6.7,0.44,0.07,2.4,0.075,9.0,29.0,0.99599,3.54,0.62,9.8
7.9,0.93,0.26,2.8,0.097,33.0,136.0,0.99798,3.31,0.6,9.6
10.1,0.34,0.55,2.2,0.087,12.0,43.0,0.9969,3.12,0.82,9.7
9.9,0.24,0.41,1.9,0.065,11.0,21.0,0.99695,3.2,0.72,10.0
8.9,0.6,0.05,2.2,0.077,16.0,43.0,0.99705,3.3,0.74,9.6
6.5,0.53,0.08,2.6,0.043,37.0,104.0,0.99604,3.37,0.56,10.1
10.6,0.67,0.38,2.3,0.369,27.0,77.0,0.99891,3.04,0.75,9.1
8.4,0.41,0.47,2.5,0.071,5.0,26.0,0.99698,3.37,0.58,10.5
6.0,0.21,0.27,3.7,0.066,10.0,13.0,0.99395,3.43,0.57,12.9
7.5,0.38,0.38,2.4,0.076,19.0,55.0,0.99694,3.39,0.66,9.6
6.8,0.56,0.08,3.1,0.058,20.0,28.0,0.99614,3.43,0.56,10.5
5.4,1.04,0.0,2.3,0.054,17.0,45.0,0.99602,3.55,0.38,9.0
12.9,0.41,0.42,2.1,0.088,6.0,17.0,1.00192,3.17,0.75,9.5
8.9,0.57,0.01,2.3,0.071,5.0,20.0,0.99902,3.04,0.67,9.0
7.8,0.33,0.29,3.4,0.171,12.0,60.0,0.996,3.08,1.98,11.4
7.4,0.41,0.24,2.3,0.075,11.0,39.0,0.99597,3.41,0.51,9.6
7.1,0.32,0.25,2.0,0.16,21.0,29.0,0.996,3.41,0.75,10.9
7.7,0.56,0.21,2.3,0.224,19.0,32.0,0.999,3.37,0.65,9.4
8.8,0.75,0.15,1.9,0.085,11.0,32.0,0.99902,3.13,0.95,9.2
7.3,0.85,0.31,1.8,0.091,9.0,57.0,0.99591,3.37,0.66,10.4
5.7,0.59,0.05,2.5,0.105,18.0,45.0,0.99594,3.48,0.55,9.7
6.1,0.71,0.06,2.8,0.099,17.0,46.0,0.99591,3.41,0.67,10.9
7.5,0.56,0.01,1.7,0.069,14.0,23.0,0.99705,3.57,0.44,9.0
7.6,0.17,0.33,2.5,0.06,10.0,16.0,0.99592,3.32,0.63,12.4
8.9,0.47,0.51,1.9,0.084,26.0,55.0,0.99617,3.26,1.08,9.5
7.6,0.36,0.42,1.6,0.115,5.0,28.0,0.99693,3.27,0.84,9.6
7.4,0.56,0.06,1.5,0.067,18.0,42.0,0.99497,3.37,0.44,9.5
7.7,0.67,0.23,2.6,0.073,16.0,87.0,0.9959,3.36,0.52,11.6
7.6,0.67,0.29,2.4,0.089,3.0,11.0,0.9971,3.33,0.63,9.8
7.6,0.73,0.28,2.7,0.078,4.0,24.0,0.99708,3.33,0.52,10.0
8.3,0.9,0.05,2.3,0.077,15.0,20.0,0.99607,3.37,0.44,10.1
7.3,0.79,0.0,2.4,0.075,4.0,13.0,0.99709,3.56,0.59,10.3
7.2,0.62,0.13,2.0,0.083,4.0,41.0,0.9959,3.33,0.56,10.2
7.0,0.3,0.23,1.6,0.069,10.0,37.0,0.99387,3.3,0.82,11.2
10.7,0.35,0.48,2.7,0.103,9.0,56.0,0.99802,2.91,0.59,9.0
6.8,0.55,0.02,2.5,0.089,11.0,17.0,0.99607,3.4,0.58,9.4
6.4,0.36,0.22,5.6,0.058,23.0,83.0,0.9959,3.63,0.54,11.2
10.1,0.33,0.51,1.5,0.095,10.0,28.0,0.99692,3.32,0.88,10.4
10.3,0.38,0.25,1.6,0.059,12.0,20.0,0.99595,3.35,0.73,12.6
9.6,0.28,0.25,1.8,0.073,6.0,7.0,0.99616,3.37,0.72,10.5
8.4,0.4,0.21,1.6,0.076,3.0,8.0,0.99605,3.44,0.64,10.9
9.8,0.36,0.5,1.7,0.058,24.0,67.0,0.9961,3.19,0.62,10.5
6.8,0.53,0.0,2.7,0.071,15.0,33.0,0.99599,3.49,0.66,9.6
7.7,0.38,0.48,2.2,0.056,12.0,51.0,0.99601,3.32,0.6,10.1
6.8,0.54,0.05,2.6,0.037,24.0,37.0,0.99581,3.31,0.53,10.1
9.9,1.05,0.03,4.5,0.114,29.0,88.0,1.00177,3.24,0.71,9.4
7.2,0.45,0.02,5.6,0.076,16.0,86.0,0.99711,3.48,0.56,10.9
6.5,0.55,0.03,1.8,0.071,14.0,37.0,0.99593,3.59,0.54,10.1
7.0,0.5,0.23,2.1,0.09,27.0,132.0,0.99701,3.32,0.92,9.5
10.7,0.36,0.64,2.0,0.069,10.0,27.0,0.99595,3.15,0.73,11.8
6.5,0.58,0.02,1.4,0.069,22.0,53.0,0.99495,3.58,0.52,10.5
7.7,0.5,0.19,2.1,0.046,14.0,15.0,0.99719,3.46,0.78,10.0
7.8,0.7,0.11,7.1,0.077,23.0,88.0,0.99799,3.15,0.46,9.2
6.9,0.49,0.1,2.0,0.073,9.0,25.0,0.99598,3.43,0.66,11.1
6.2,0.8,0.0,1.8,0.077,2.0,12.0,0.99589,3.51,0.68,9.5
10.1,0.5,0.49,2.6,0.068,23.0,87.0,0.99701,3.1,0.64,9.5
10.4,0.58,0.38,2.0,0.063,11.0,17.0,0.99607,3.31,0.79,11.2
7.3,0.66,0.26,2.5,0.165,15.0,38.0,0.99696,3.48,0.59,11.4
10.7,0.46,0.42,2.4,0.061,1.0,10.0,0.99909,3.13,0.6,9.4
7.1,0.34,0.03,2.3,0.08,6.0,25.0,0.9961,3.33,0.64,9.8
6.2,0.37,0.14,3.4,0.081,24.0,43.0,0.99488,3.4,0.57,10.9
6.4,0.51,0.07,2.1,0.062,27.0,47.0,0.99588,3.41,0.66,9.8
8.3,0.55,0.39,5.2,0.084,18.0,44.0,0.99809,3.32,0.57,9.3
7.3,1.16,0.06,2.7,0.076,22.0,36.0,0.99785,3.42,0.65,10.1
9.7,0.65,0.51,2.0,0.091,8.0,61.0,0.99604,3.16,0.61,11.7
7.2,0.72,0.19,2.3,0.115,24.0,57.0,0.99611,3.31,0.83,10.4
10.0,0.37,0.3,2.7,0.081,26.0,112.0,0.99891,3.18,0.77,10.4
9.8,0.62,0.29,2.7,0.159,8.0,19.0,0.99613,3.23,0.65,10.9
7.6,0.53,0.3,5.5,0.07,25.0,48.0,0.99695,3.64,0.44,10.5
7.2,0.61,0.05,2.9,0.082,24.0,88.0,0.99802,3.31,1.16,9.3
6.8,0.61,0.01,2.1,0.087,2.0,19.0,0.996,3.37,0.75,10.2
10.7,0.93,0.09,4.0,0.116,20.0,49.0,0.99988,3.2,0.67,9.5
6.6,0.51,0.22,1.9,0.163,6.0,12.0,0.99395,3.4,0.85,11.9
7.4,0.44,0.36,2.1,0.072,18.0,39.0,0.99592,3.23,0.64,10.3
7.3,0.42,0.07,1.7,0.08,18.0,57.0,0.99589,3.33,0.54,10.0
6.7,0.71,0.09,1.8,0.116,22.0,75.0,0.99592,3.29,0.65,9.9
11.3,0.39,0.49,2.3,0.092,15.0,15.0,0.99711,3.07,1.01,10.6
9.2,0.55,0.25,2.5,0.051,17.0,48.0,0.99711,3.47,0.53,12.6
7.6,0.67,0.0,2.0,0.083,18.0,45.0,1.00007,3.35,0.65,8.8
7.7,0.59,0.5,3.7,0.125,16.0,93.0,0.99792,3.23,1.08,10.4
9.1,0.5,0.32,1.8,0.079,17.0,33.0,0.9959,3.17,0.5,10.9
8.9,0.82,0.18,2.1,0.121,6.0,31.0,0.99906,3.24,0.61,9.4
15.8,0.59,0.53,2.4,0.069,10.0,27.0,1.00369,2.97,0.7,9.3
7.5,0.35,0.32,3.4,0.417,19.0,53.0,0.99802,3.15,1.33,9.3
12.1,0.4,0.48,1.8,0.089,11.0,33.0,0.99701,2.98,0.56,9.5
9.8,0.64,0.32,1.3,0.09,5.0,17.0,0.99792,3.23,0.71,9.2
7.8,0.79,0.47,2.3,0.465,5.0,67.0,0.99689,3.3,0.7,10.4
8.3,0.71,0.0,2.1,0.059,14.0,42.0,0.99703,3.4,0.52,10.1
7.5,0.4,0.29,1.8,0.072,6.0,44.0,0.99588,3.28,0.77,11.6
8.4,0.53,0.43,2.4,0.068,14.0,26.0,0.99407,3.36,0.6,13.2
7.8,0.66,0.15,3.4,0.076,10.0,82.0,0.99809,3.42,0.52,10.1
10.0,0.27,0.48,2.7,0.081,16.0,46.0,0.99909,3.37,0.88,10.3
10.5,0.51,0.26,1.9,0.092,10.0,21.0,0.99716,2.93,0.9,9.1
7.7,0.49,0.31,1.9,0.084,9.0,43.0,0.99596,3.26,0.63,11.3
6.1,0.37,0.21,2.7,0.077,7.0,19.0,0.99256,3.71,0.84,14.6
7.4,0.58,0.21,2.0,0.078,16.0,40.0,0.99599,3.27,0.56,10.9
6.3,0.84,0.0,2.6,0.085,11.0,34.0,0.99705,3.57,0.55,9.7
6.7,0.61,0.0,2.1,0.063,7.0,14.0,0.99596,3.72,0.56,11.4
7.4,0.57,0.35,1.7,0.082,23.0,32.0,0.99491,3.33,0.63,11.6
6.8,0.33,0.05,1.7,0.074,11.0,19.0,0.99582,3.54,0.91,10.6
6.5,0.29,0.01,2.6,0.046,39.0,43.0,0.99591,3.42,0.5,9.8
6.5,0.42,0.28,2.2,0.088,25.0,77.0,0.99594,3.2,0.68,9.4
5.7,0.65,0.01,2.3,0.082,37.0,90.0,0.99507,3.56,0.8,10.8
6.6,1.23,0.0,2.1,0.089,9.0,28.0,0.99605,3.29,0.41,9.3
9.3,0.53,0.36,13.5,0.071,11.0,89.0,1.00197,3.36,0.5,9.2
9.9,0.35,0.48,5.6,0.091,7.0,53.0,1.00003,3.21,0.54,9.3
8.1,0.32,0.19,2.2,0.085,7.0,16.0,0.99597,3.39,0.77,12.9
6.9,0.84,0.0,2.8,0.07,9.0,48.0,0.99798,3.41,0.54,9.1
7.0,0.61,0.5,1.7,0.171,14.0,16.0,0.99596,3.35,0.67,10.9
8.3,0.6,0.21,1.5,0.075,17.0,63.0,0.99716,3.58,0.81,10.3
11.0,0.3,0.49,1.8,0.079,6.0,15.0,0.9971,3.29,0.89,12.6
8.9,0.74,0.04,2.0,0.06,7.0,11.0,0.99613,3.37,0.51,10.4
8.2,0.47,0.04,2.0,0.071,38.0,74.0,0.99687,3.49,0.45,10.0
8.1,0.41,0.31,2.5,0.063,26.0,64.0,0.99705,3.53,0.6,10.8
9.9,0.57,0.46,1.9,0.08,9.0,20.0,1.00003,3.37,0.92,9.4
8.2,0.35,0.21,3.0,0.071,6.0,16.0,0.99693,3.3,0.53,9.7
6.6,0.54,0.01,2.3,0.065,12.0,64.0,0.99587,3.3,0.47,10.1
10.2,0.44,0.3,2.4,0.066,14.0,98.0,0.99607,3.12,0.53,10.4
9.0,0.62,0.33,2.3,0.094,24.0,30.0,0.99812,3.27,0.78,9.4
7.8,0.64,0.04,1.9,0.078,13.0,21.0,0.99599,3.31,0.68,10.6
7.7,0.31,0.62,4.3,0.127,9.0,29.0,0.99685,3.08,0.79,10.1
15.7,0.3,0.79,2.4,0.22,6.0,12.0,1.00058,2.97,0.95,9.8
7.1,0.29,0.55,2.5,0.079,16.0,95.0,0.995,3.38,0.56,11.8
6.9,1.58,0.02,2.5,0.075,6.0,23.0,0.99904,3.53,0.65,9.3
8.2,0.44,0.33,1.4,0.069,23.0,44.0,0.99595,3.37,0.48,11.6
9.8,0.59,0.5,3.2,0.071,55.0,268.0,0.99792,3.13,0.88,9.9
7.8,0.35,0.26,2.8,0.068,14.0,25.0,0.9951,3.12,0.62,11.9
6.8,0.47,0.02,1.9,0.077,3.0,13.0,0.99408,3.51,0.53,13.1
6.3,0.55,0.08,1.9,0.095,13.0,17.0,0.99597,3.6,0.56,9.7
10.5,0.68,0.34,2.0,0.085,6.0,14.0,0.99887,3.3,0.67,9.7
6.0,0.81,0.01,2.6,0.067,13.0,64.0,0.99604,3.47,0.58,9.5
6.3,0.54,0.02,2.2,0.08,7.0,50.0,0.9959,3.57,0.45,10.9
7.0,0.9,0.03,5.0,0.044,20.0,45.0,0.99599,3.57,0.56,12.1
8.2,0.3,0.36,1.4,0.077,10.0,14.0,0.99611,3.31,0.59,10.4
7.4,0.32,0.3,2.1,0.109,11.0,28.0,0.99715,3.29,0.78,10.0
8.2,0.9,0.02,2.2,0.085,11.0,32.0,0.99692,3.24,0.7,10.5
8.5,0.52,0.05,1.7,0.055,3.0,12.0,0.9959,3.24,0.57,10.8
6.2,0.78,0.0,1.8,0.045,6.0,15.0,0.99609,3.71,0.47,9.5
9.0,0.33,0.18,7.9,0.149,12.0,31.0,0.99795,3.37,0.54,11.0
7.1,0.43,0.61,8.3,0.081,10.0,58.0,0.99603,3.37,0.91,10.5
6.6,0.32,0.29,2.7,0.05,10.0,37.0,0.99492,3.61,0.63,13.0
7.4,0.41,0.18,2.2,0.125,17.0,39.0,0.99695,3.34,0.68,9.5
7.6,0.34,0.45,2.1,0.075,14.0,87.0,0.99598,3.29,0.62,10.4
6.4,0.58,0.07,2.2,0.085,10.0,14.0,0.99393,3.41,0.59,12.0
10.0,0.41,0.43,1.6,0.103,17.0,39.0,0.99808,3.19,0.77,9.4
8.5,0.3,0.36,3.1,0.098,23.0,50.0,0.99806,3.27,0.61,9.3
8.8,0.46,0.44,2.6,0.052,6.0,41.0,0.99598,3.29,0.58,12.6
8.6,0.37,0.4,2.7,0.126,7.0,21.0,1.00217,3.39,0.85,9.4
6.9,0.62,0.04,2.3,0.055,11.0,31.0,0.99504,3.4,0.74,11.9
7.3,0.41,0.26,2.1,0.079,21.0,37.0,0.99607,3.11,0.66,9.5
6.7,0.63,0.0,2.2,0.053,2.0,18.0,0.99597,3.37,0.68,10.6
7.8,0.59,0.31,1.7,0.083,31.0,69.0,0.99591,3.14,1.07,10.4
6.7,0.76,0.01,1.7,0.067,5.0,28.0,0.99597,3.67,0.52,9.9
7.6,0.71,0.0,1.9,0.056,38.0,67.0,0.99593,3.37,0.49,10.6
8.3,0.39,0.39,2.5,0.088,6.0,24.0,0.99599,3.27,1.0,10.9
7.0,0.4,0.05,2.1,0.061,9.0,28.0,0.99608,3.5,0.59,9.8
12.5,0.32,0.72,2.0,0.103,15.0,34.0,0.99716,3.03,0.45,9.9
9.0,0.79,0.22,2.5,0.08,3.0,14.0,0.99696,3.38,0.6,10.9
6.8,0.7,0.01,1.7,0.068,18.0,34.0,0.99414,3.39,0.57,10.0
5.1,0.86,0.0,2.4,0.065,12.0,84.0,0.99401,3.58,0.59,11.0
9.8,0.39,0.24,2.0,0.087,14.0,39.0,0.99701,3.4,0.69,10.8
10.1,0.42,0.22,3.5,0.081,5.0,14.0,1.00004,3.29,0.67,9.6
6.3,0.31,0.45,1.8,0.131,14.0,45.0,0.99405,3.22,0.63,9.5
8.0,0.63,0.4,4.6,0.048,20.0,72.0,0.99606,3.26,0.47,11.5
8.2,0.28,0.43,2.5,0.084,21.0,67.0,0.9979,3.53,0.6,11.0
8.1,0.85,0.1,3.8,0.086,6.0,33.0,0.99712,3.44,0.46,11.2
11.6,0.69,0.48,2.0,0.084,6.0,33.0,0.99809,3.22,0.57,9.8
6.5,0.7,0.14,2.3,0.09,13.0,41.0,0.99699,3.57,0.6,10.4
8.8,0.6,0.31,3.7,0.083,5.0,41.0,0.99998,3.2,0.67,9.2
6.3,0.85,0.01,2.6,0.091,33.0,152.0,0.99799,3.46,0.61,9.4
7.5,0.54,0.39,2.0,0.078,7.0,15.0,0.99603,3.42,1.22,12.8
9.1,0.56,0.24,2.5,0.073,28.0,41.0,0.9972,3.29,0.88,9.7
8.0,0.34,0.48,2.0,0.078,27.0,72.0,0.99578,3.15,0.79,10.5
11.9,0.51,0.5,1.9,0.377,32.0,39.0,0.99705,3.13,0.8,10.1
12.0,0.3,0.66,2.2,0.204,13.0,19.0,0.99798,3.02,1.09,11.0
7.1,0.39,0.28,2.1,0.062,13.0,31.0,0.995,3.41,0.65,11.5
8.3,0.95,0.11,1.6,0.08,45.0,102.0,0.99603,3.3,0.56,9.5
8.9,0.37,0.25,2.1,0.097,10.0,24.0,0.99793,3.28,0.58,9.2
8.1,0.39,0.31,2.0,0.043,54.0,43.0,0.99575,3.52,0.78,12.0
9.2,0.63,0.43,1.6,0.062,23.0,61.0,0.99705,3.27,0.48,9.1
7.1,0.49,0.41,4.4,0.076,18.0,91.0,0.99625,3.27,0.67,10.9
9.7,0.64,0.5,2.1,0.185,12.0,10.0,0.99592,3.27,0.62,10.9
6.9,0.4,0.31,2.6,0.079,6.0,29.0,0.9969,3.38,0.61,9.5
6.9,0.67,0.01,1.6,0.083,6.0,17.0,0.99404,3.36,0.54,10.0
6.8,0.48,0.16,2.8,0.068,13.0,23.0,0.99594,3.56,0.71,12.2
6.1,1.58,0.0,1.7,0.086,10.0,20.0,0.99508,3.44,0.57,9.5
8.1,0.63,0.28,2.0,0.069,33.0,98.0,0.99799,3.41,0.54,9.7
7.2,0.38,0.11,1.6,0.067,20.0,14.0,0.99589,3.36,0.58,9.5
6.8,0.53,0.01,1.5,0.073,8.0,15.0,0.99488,3.32,1.14,10.9
10.3,0.28,0.6,2.2,0.093,22.0,59.0,0.99791,3.34,0.65,11.1
7.8,0.54,0.07,2.0,0.081,24.0,69.0,0.99693,3.37,0.74,10.1
10.5,0.26,0.55,2.2,0.092,47.0,99.0,0.99495,3.16,0.84,13.1
7.5,0.73,0.1,2.1,0.084,10.0,14.0,0.99609,3.17,0.69,11.0
12.1,0.21,0.67,13.9,0.082,16.0,47.0,0.99984,3.12,0.71,11.6
8.3,0.44,0.22,2.1,0.082,20.0,34.0,0.99487,3.32,0.8,12.8
10.0,0.47,0.51,2.1,0.079,23.0,126.0,0.99802,3.11,0.77,9.1
6.1,0.73,0.01,2.4,0.073,28.0,48.0,0.99387,3.37,0.45,10.8
9.0,0.67,0.43,2.2,0.127,7.0,25.0,0.99979,3.17,0.68,8.9
7.1,0.88,0.1,1.9,0.076,6.0,13.0,0.99596,3.47,0.54,9.5
7.6,0.23,0.24,2.2,0.079,11.0,11.0,0.99609,3.41,0.64,11.0
10.5,0.6,0.39,1.9,0.069,4.0,6.0,0.99604,3.43,0.85,11.9
8.4,0.38,0.32,1.7,0.041,10.0,13.0,0.99415,3.41,0.47,11.5
10.0,0.19,0.49,2.1,0.053,43.0,97.0,0.99803,3.26,1.08,10.5
7.7,0.65,0.24,2.1,0.07,35.0,95.0,0.99608,3.32,0.59,9.4
6.5,0.72,0.01,2.0,0.075,31.0,87.0,0.99492,3.39,0.57,9.3
6.0,0.5,0.01,1.8,0.038,7.0,22.0,0.99587,3.58,0.57,9.8
6.4,0.44,0.18,2.9,0.123,38.0,128.0,0.99617,3.39,0.67,9.6
8.7,0.74,0.4,1.9,0.092,16.0,40.0,0.9969,3.37,0.76,11.7
7.2,0.47,0.26,2.4,0.059,19.0,30.0,0.99605,3.33,0.79,11.9
6.5,0.49,0.1,2.1,0.073,39.0,97.0,0.99491,3.56,0.62,11.4
10.1,0.56,0.49,2.1,0.098,10.0,21.0,0.99789,3.09,0.56,10.1
7.7,0.3,0.41,3.0,0.093,16.0,31.0,0.99701,3.4,0.61,10.0
10.6,0.64,0.04,2.4,0.084,17.0,39.0,0.9988,3.25,0.67,9.4
9.5,0.36,0.06,2.3,0.074,16.0,14.0,0.99704,3.38,0.61,10.7
7.5,0.51,0.12,2.5,0.079,12.0,36.0,0.99683,3.22,0.54,9.5
7.8,0.4,0.2,2.3,0.068,5.0,9.0,0.99485,3.27,0.63,12.8
9.6,0.5,0.38,2.0,0.107,47.0,144.0,0.99605,3.01,0.81,9.6
6.4,0.68,0.04,2.6,0.102,39.0,113.0,0.996,3.35,0.58,9.4
8.5,0.41,0.42,2.0,0.048,11.0,55.0,0.99695,3.37,0.56,10.0
7.0,0.49,0.4,2.1,0.106,15.0,49.0,0.99605,3.35,0.52,9.6
11.4,0.44,0.59,2.6,0.112,33.0,109.0,1.00005,3.26,1.33,9.4
7.5,0.23,0.3,2.4,0.076,36.0,61.0,0.99602,3.45,0.55,11.1
6.9,0.91,0.0,1.9,0.068,4.0,10.0,0.99503,3.29,0.47,10.4
9.9,0.37,0.28,2.2,0.081,12.0,26.0,0.99594,3.07,0.68,11.0
8.4,0.37,0.17,1.5,0.05,9.0,12.0,0.99407,3.29,0.55,12.8
8.2,0.5,0.38,2.2,0.083,10.0,15.0,0.99706,3.35,0.88,9.9
8.8,0.37,0.42,2.0,0.079,39.0,62.0,0.99592,3.16,0.62,10.5
9.2,0.25,0.5,2.3,0.113,25.0,45.0,0.99791,3.26,0.76,10.0
8.1,0.35,0.09,2.8,0.069,22.0,69.0,0.99612,3.37,0.55,10.2
9.1,0.56,0.48,2.6,0.049,5.0,18.0,0.99805,3.39,0.5,9.9
12.0,0.31,0.54,4.9,0.072,50.0,72.0,0.99889,3.1,0.76,11.0
8.9,0.34,0.38,1.8,0.068,13.0,18.0,0.99592,3.32,0.49,10.9
8.2,0.6,0.27,2.0,0.093,14.0,87.0,0.99687,3.24,0.64,9.8
10.6,0.67,0.19,1.9,0.062,2.0,13.0,0.99688,3.3,1.06,11.2
13.7,0.39,0.71,2.1,0.085,6.0,40.0,1.00164,3.08,0.44,9.4
7.8,0.29,0.27,2.5,0.116,55.0,121.0,0.99605,3.36,0.82,10.9
7.3,0.39,0.49,3.2,0.074,10.0,89.0,0.99713,3.31,1.08,10.9
10.1,0.63,0.43,2.0,0.062,5.0,46.0,0.99796,3.3,0.58,9.7
8.8,0.36,0.32,1.6,0.111,12.0,50.0,0.99708,3.2,0.76,9.4
8.1,0.43,0.2,2.5,0.066,5.0,9.0,0.99702,3.36,0.49,10.5
7.6,0.62,0.38,1.8,0.221,11.0,27.0,0.99239,3.02,1.96,11.7
7.2,0.57,0.22,2.4,0.073,18.0,28.0,0.99608,3.44,0.46,9.6
9.0,0.47,0.34,1.4,0.064,6.0,9.0,0.99629,3.48,0.63,10.5
6.4,0.75,0.18,1.4,0.068,1.0,10.0,0.99597,3.38,0.55,9.5
6.8,0.45,0.17,2.3,0.085,19.0,86.0,0.99408,3.3,0.61,10.6
7.7,0.26,0.23,2.0,0.061,6.0,11.0,0.99608,3.47,0.52,10.5
10.0,0.34,0.53,1.8,0.115,3.0,17.0,0.99792,3.12,1.1,9.5
8.4,0.59,0.32,2.2,0.611,18.0,83.0,0.99795,3.04,0.78,9.1
7.6,0.67,0.19,2.8,0.091,21.0,57.0,0.99616,3.16,0.77,9.6
8.2,0.38,0.19,1.8,0.077,7.0,37.0,0.99695,3.3,0.6,9.8
8.0,0.45,0.37,2.2,0.091,13.0,40.0,0.99593,3.21,0.61,11.2
7.1,0.36,0.24,1.9,0.079,12.0,26.0,0.99401,3.42,0.45,11.2
8.9,0.39,0.27,1.9,0.089,9.0,16.0,0.99603,3.36,0.53,10.4
7.2,0.89,0.16,2.4,0.083,9.0,41.0,0.99603,3.43,0.65,10.5
9.8,0.55,0.43,1.9,0.084,6.0,20.0,0.99602,3.23,0.72,9.6
7.1,0.81,0.02,1.7,0.068,7.0,22.0,0.99407,3.23,0.73,9.7
9.7,0.57,0.3,2.1,0.089,11.0,50.0,0.99704,3.3,0.78,11.3
10.0,0.4,0.38,4.0,0.092,16.0,27.0,0.99694,3.1,0.93,10.9
6.9,0.34,0.18,1.3,0.075,12.0,34.0,0.9929,3.34,0.75,11.3
6.9,0.27,0.34,2.4,0.091,7.0,21.0,0.9959,3.41,0.88,10.9
8.2,0.41,0.2,2.9,0.062,10.0,17.0,0.99781,3.32,0.67,10.0
5.2,0.46,0.21,2.3,0.091,10.0,29.0,0.99238,3.43,1.32,10.2
6.7,0.76,0.15,9.3,0.074,6.0,10.0,0.99609,3.78,0.53,12.9
7.7,0.7,0.34,2.0,0.191,14.0,32.0,0.99705,3.38,0.84,10.2
12.5,0.4,0.56,2.1,0.075,11.0,122.0,0.99814,2.95,0.78,9.6
10.7,0.38,0.34,1.7,0.057,10.0,9.0,0.99499,3.27,0.63,12.1
10.2,0.81,0.38,1.9,0.105,30.0,92.0,0.99713,3.09,0.86,9.7
8.1,0.3,0.57,2.1,0.119,16.0,51.0,0.99615,3.11,1.98,9.4
8.0,0.42,0.22,2.2,0.077,17.0,40.0,0.9971,3.36,0.6,9.4
7.2,0.6,0.08,1.6,0.077,6.0,11.0,0.99598,3.56,0.63,11.9
6.0,0.78,0.0,2.6,0.053,6.0,10.0,0.99404,3.42,0.56,11.8
14.4,0.32,0.65,6.1,0.081,15.0,44.0,1.00015,3.1,0.62,10.9
10.8,0.47,0.26,2.2,0.049,10.0,26.0,1.00013,3.34,0.78,9.8
7.7,0.82,0.34,3.3,0.064,4.0,22.0,0.99819,3.48,0.47,9.3
7.7,0.39,0.21,1.7,0.066,8.0,11.0,0.99414,3.47,0.54,12.1
6.3,0.42,0.07,2.0,0.053,6.0,28.0,0.99608,3.51,0.52,9.8
8.1,1.24,0.03,2.7,0.082,20.0,34.0,0.99609,3.2,0.44,9.6
12.0,0.45,0.51,2.4,0.07,26.0,52.0,0.99887,3.07,0.66,9.6
8.1,0.62,0.3,2.3,0.072,7.0,31.0,0.99602,3.33,0.49,11.0
6.8,0.52,0.03,2.0,0.058,11.0,40.0,0.99592,3.29,0.45,9.4
7.0,0.54,0.07,2.3,0.087,27.0,86.0,0.99606,3.27,0.63,9.8
8.2,0.41,0.43,2.6,0.074,30.0,144.0,0.99815,3.4,0.85,9.8
7.0,0.43,0.3,2.9,0.119,15.0,95.0,0.99605,3.3,0.67,10.5
15.6,0.35,0.68,2.6,0.072,11.0,16.0,0.99888,3.12,0.74,12.6
7.7,0.36,0.15,1.5,0.07,11.0,12.0,0.99599,3.44,0.79,10.5
9.9,0.64,0.12,1.9,0.081,23.0,74.0,0.99599,3.33,0.56,11.2
5.0,0.69,0.0,3.9,0.088,11.0,52.0,0.99501,3.58,0.64,11.0
10.8,0.46,0.49,2.2,0.073,15.0,70.0,0.99895,3.32,0.54,10.8
12.1,0.33,0.36,2.1,0.057,11.0,15.0,0.99807,3.14,0.58,11.0
5.9,0.34,0.2,2.2,0.077,21.0,71.0,0.99161,3.52,0.7,12.7
8.9,0.31,0.49,1.3,0.059,6.0,16.0,0.99598,3.39,0.81,10.9
6.8,0.64,0.23,1.8,0.072,5.0,21.0,0.99598,3.55,0.57,11.4
8.0,1.17,0.11,2.3,0.094,4.0,32.0,0.99704,3.28,0.61,9.9
5.3,0.66,0.0,2.2,0.054,13.0,35.0,0.99189,3.56,0.53,9.8
8.8,0.44,0.5,1.9,0.093,3.0,14.0,0.99694,3.21,0.81,9.8
7.4,0.37,0.14,2.3,0.066,6.0,27.0,0.99602,3.37,0.54,12.0
9.0,0.4,0.49,1.8,0.096,12.0,55.0,0.99712,3.37,0.89,10.0
7.0,0.59,0.1,2.3,0.088,7.0,70.0,0.99598,3.35,0.6,10.3
15.3,0.35,0.7,2.3,0.116,4.0,29.0,0.998,2.98,0.59,11.0
5.4,1.04,0.0,2.3,0.083,5.0,23.0,0.99601,3.5,0.5,9.4
7.5,0.61,0.06,2.0,0.059,9.0,21.0,0.99489,3.31,0.56,10.8
8.3,0.41,0.45,2.7,0.064,33.0,33.0,0.99684,3.43,0.96,11.0
9.8,0.31,0.21,2.2,0.066,10.0,19.0,0.99781,3.25,0.58,9.7
8.1,0.68,0.14,1.6,0.075,10.0,49.0,0.99599,3.26,0.53,9.5
9.4,0.57,0.44,2.2,0.1,16.0,27.0,0.99803,3.3,1.11,10.3
6.4,0.77,0.06,1.8,0.066,14.0,91.0,0.99569,3.47,0.67,10.6
6.0,0.48,0.01,2.0,0.062,15.0,46.0,0.9951,3.96,0.56,10.3
9.5,0.4,0.5,3.0,0.076,5.0,12.0,0.99815,3.26,0.63,10.0
13.0,0.73,0.52,2.2,0.085,17.0,22.0,0.99902,3.05,0.52,9.4
9.5,0.61,0.03,2.0,0.072,9.0,8.0,0.99609,3.2,0.53,9.5
7.5,0.56,0.26,2.4,0.076,3.0,27.0,0.99588,3.32,0.6,9.9
7.3,0.42,0.31,1.9,0.078,14.0,32.0,0.99516,3.3,0.63,9.4
6.5,0.51,0.08,2.5,0.074,58.0,281.0,0.99586,3.14,0.71,9.5
5.3,0.91,0.01,1.7,0.091,17.0,46.0,0.99492,3.59,0.81,9.8
7.0,0.38,0.11,2.8,0.056,25.0,83.0,0.99613,3.33,0.69,9.4
7.2,0.51,0.01,1.9,0.069,15.0,66.0,0.99591,3.24,0.62,9.4
9.4,0.49,0.4,2.4,0.121,28.0,47.0,0.99791,3.13,0.92,9.7
8.9,0.38,0.57,3.8,0.094,9.0,25.0,0.99509,3.18,0.72,13.2
11.2,0.77,0.24,1.6,0.114,5.0,20.0,0.99705,3.16,0.85,10.5
7.9,0.4,0.03,6.6,0.089,3.0,6.0,0.99926,3.48,0.64,9.9
10.3,0.5,0.4,2.6,0.11,33.0,91.0,0.99993,3.21,0.9,11.0
6.6,0.33,0.24,1.9,0.079,11.0,17.0,0.99605,3.44,0.7,10.0
6.1,0.58,0.0,2.1,0.072,34.0,107.0,0.99492,3.56,0.57,10.1
6.3,0.56,0.01,5.5,0.06,27.0,53.0,0.99787,3.62,0.7,10.2
7.4,0.79,0.24,2.0,0.124,25.0,41.0,0.99596,3.39,0.82,11.7
11.6,0.35,0.49,1.6,0.08,6.0,9.0,0.99599,3.02,1.21,11.4
10.5,0.26,0.25,2.8,0.05,14.0,70.0,0.99617,3.27,0.53,11.8
11.2,0.45,0.67,2.3,0.077,30.0,82.0,0.99916,3.14,0.7,9.1
8.9,0.58,0.08,2.7,0.058,29.0,51.0,0.99697,3.29,0.5,11.2
7.7,0.56,0.1,2.2,0.08,18.0,14.0,0.99614,3.53,0.67,11.5
7.5,0.63,0.23,2.2,0.068,3.0,34.0,0.99805,3.43,0.56,10.1
8.2,0.6,0.26,1.6,0.08,7.0,29.0,0.9961,3.09,0.74,9.8
5.5,0.51,0.06,1.9,0.108,11.0,13.0,0.99352,3.74,0.81,11.4
8.1,0.29,0.51,2.6,0.072,21.0,19.0,0.99592,3.37,0.55,12.7
5.9,0.51,0.02,2.7,0.075,19.0,46.0,0.99389,3.6,0.57,13.7
7.5,0.39,0.23,1.6,0.084,17.0,34.0,0.9961,3.37,0.57,9.4
7.9,0.4,0.53,2.1,0.048,6.0,27.0,0.99787,3.49,0.58,10.5
8.8,0.8,0.29,3.3,0.071,12.0,48.0,0.9961,3.3,0.5,11.5
8.0,0.54,0.07,2.1,0.081,12.0,105.0,0.99704,3.32,0.77,9.4
11.3,0.48,0.61,2.3,0.054,28.0,68.0,0.99895,3.04,0.55,10.2
6.9,0.56,0.25,2.9,0.096,31.0,153.0,0.99702,3.36,0.59,9.2
6.8,0.49,0.11,2.8,0.073,15.0,35.0,0.99593,3.43,0.73,10.5
8.3,0.63,0.02,1.7,0.082,19.0,63.0,0.99705,3.32,0.49,9.4
7.5,0.76,0.08,1.6,0.064,9.0,22.0,0.99686,3.53,0.41,10.2
6.5,0.7,0.01,2.6,0.063,34.0,123.0,0.99492,3.59,0.61,11.7
6.8,0.58,0.1,3.2,0.081,29.0,79.0,0.99603,3.43,0.61,10.2
6.8,0.43,0.1,2.5,0.048,43.0,66.0,0.9948,3.3,0.64,11.2
9.8,1.58,0.02,2.5,0.084,6.0,12.0,1.00007,3.26,0.47,9.5
6.8,0.51,0.0,2.3,0.078,28.0,28.0,0.9951,3.34,0.57,10.5
7.4,0.68,0.01,2.2,0.07,10.0,21.0,0.9968,3.39,0.51,9.5
9.5,0.38,0.47,4.5,0.063,16.0,32.0,0.999,3.3,0.74,11.9
11.9,0.46,0.44,2.8,0.097,21.0,92.0,1.00289,3.15,0.63,9.0
5.6,0.51,0.09,2.5,0.094,20.0,38.0,0.99281,3.44,0.61,10.9
8.3,0.24,0.32,5.3,0.059,12.0,49.0,0.99693,3.32,0.7,10.9
7.8,0.6,0.5,2.0,0.066,24.0,43.0,0.99496,3.34,0.66,12.6
9.9,0.57,0.49,2.3,0.091,27.0,65.0,0.99789,3.14,0.61,9.4
6.0,0.63,0.14,1.8,0.082,7.0,26.0,0.99484,3.51,0.91,10.0
7.2,0.82,0.25,1.8,0.171,4.0,43.0,0.99694,3.37,0.52,9.3
10.3,0.38,0.46,1.6,0.072,11.0,28.0,0.99803,3.28,1.61,10.3
7.0,0.69,0.31,2.3,0.08,5.0,65.0,0.99517,3.4,0.58,10.8
7.2,0.49,0.01,1.7,0.073,24.0,28.0,0.99584,3.53,0.51,10.1
8.7,0.57,0.27,1.8,0.076,11.0,27.0,0.99689,3.24,0.59,9.6
7.0,0.5,0.02,2.4,0.081,4.0,22.0,0.99605,3.19,0.61,9.4
7.3,0.5,0.18,1.7,0.066,7.0,38.0,0.99605,3.51,0.43,9.6
11.2,0.62,0.09,1.8,0.095,6.0,14.0,1.00001,3.16,0.56,9.4
7.3,0.65,0.01,2.6,0.08,31.0,92.0,0.99706,3.39,0.58,9.4
9.0,0.4,0.31,2.6,0.057,15.0,88.0,0.99713,3.18,0.44,9.3
6.6,0.7,0.05,1.7,0.07,10.0,57.0,0.99583,3.45,0.46,10.5
8.6,0.45,0.49,2.5,0.07,27.0,111.0,0.99888,3.28,0.61,9.4
9.5,0.93,0.11,2.1,0.079,12.0,34.0,0.99703,3.4,0.53,10.5
12.2,1.1,0.32,2.1,0.071,3.0,20.0,0.99902,3.14,0.54,10.0
10.6,0.45,0.67,1.6,0.411,17.0,41.0,0.99692,3.16,1.12,10.9
6.4,0.56,0.03,2.0,0.085,19.0,66.0,0.99597,3.32,0.51,9.1
7.2,0.22,0.48,4.2,0.07,18.0,83.0,0.99806,3.34,0.59,9.2
7.6,0.56,0.08,1.6,0.074,18.0,23.0,0.99494,3.34,0.61,10.9
8.6,0.58,0.43,2.5,0.108,13.0,23.0,0.99814,3.33,0.67,10.6
10.7,0.25,0.37,2.0,0.074,12.0,28.0,0.99788,3.09,0.7,9.5
9.1,0.41,0.53,2.3,0.053,32.0,47.0,0.99693,3.31,0.57,12.1
6.6,0.53,0.27,2.1,0.073,17.0,25.0,0.99402,3.54,0.62,13.4
9.6,0.6,0.29,3.7,0.082,16.0,23.0,0.99984,3.3,0.8,10.1
6.2,0.68,0.01,2.3,0.082,11.0,45.0,0.99503,3.46,0.71,10.3
6.8,0.52,0.25,2.1,0.082,10.0,58.0,0.9941,3.3,0.84,12.0
5.9,0.57,0.0,2.3,0.104,23.0,94.0,0.99398,3.54,0.61,11.1
6.5,0.6,0.12,1.8,0.052,6.0,13.0,0.99198,3.62,0.48,13.3
10.6,0.39,0.39,2.1,0.083,6.0,21.0,0.99706,3.24,0.74,9.8
8.5,0.33,0.39,2.2,0.121,5.0,14.0,0.99611,2.99,0.65,9.7
7.6,0.53,0.15,2.7,0.071,12.0,106.0,0.99598,3.33,0.57,9.6
8.6,0.38,0.3,14.2,0.067,20.0,60.0,1.00014,3.23,0.59,9.4
10.2,0.58,0.16,2.2,0.055,8.0,22.0,0.99711,3.29,0.58,9.8
7.6,0.63,0.15,1.6,0.066,10.0,22.0,0.99795,3.37,0.5,9.2
5.7,0.43,0.18,2.5,0.086,37.0,71.0,0.99584,3.25,0.56,9.5
7.1,0.62,0.32,2.1,0.097,14.0,19.0,0.99496,3.28,0.62,11.6
13.5,0.31,0.63,1.9,0.076,5.0,15.0,0.9971,3.25,0.76,11.2
8.3,0.59,0.08,1.8,0.075,10.0,13.0,0.99703,3.46,0.78,10.1
8.7,0.23,0.43,2.0,0.082,21.0,20.0,0.99998,3.48,0.55,9.0
6.7,0.87,0.01,1.8,0.079,11.0,36.0,0.99598,3.41,0.63,10.1
6.6,0.55,0.01,1.8,0.077,39.0,83.0,0.99179,3.56,0.6,12.6
7.8,0.59,0.21,2.9,0.076,32.0,145.0,0.99585,3.23,0.9,11.0
8.7,0.43,0.6,1.8,0.108,14.0,53.0,0.99604,3.18,0.95,9.6
6.9,0.69,0.29,2.7,0.147,12.0,87.0,0.99712,3.43,0.53,10.1
7.3,0.33,0.48,15.2,0.062,19.0,85.0,0.9962,3.3,0.73,11.1
7.2,0.66,0.11,1.4,0.086,2.0,8.0,0.99392,3.42,0.62,12.0
8.8,0.56,0.37,2.2,0.075,26.0,69.0,0.99798,3.28,0.58,9.6
8.2,0.47,0.48,2.2,0.056,7.0,47.0,0.99605,3.41,0.74,11.9
8.4,0.24,0.72,13.7,0.068,15.0,48.0,0.99898,3.3,0.54,9.6
6.2,0.51,0.16,2.2,0.088,12.0,53.0,0.99512,3.38,0.84,9.9
8.6,0.41,0.46,2.2,0.077,11.0,15.0,0.99886,3.42,0.66,10.9
7.6,0.44,0.13,2.1,0.069,16.0,26.0,0.99712,3.42,0.59,9.9
7.5,0.23,0.43,1.5,0.086,29.0,35.0,0.9941,3.3,0.81,11.3
7.1,0.57,0.33,1.5,0.073,6.0,36.0,0.99581,3.29,0.62,10.5
6.3,0.64,0.03,2.1,0.094,34.0,51.0,0.9959,3.48,0.9,10.3
13.1,0.42,0.72,2.3,0.198,15.0,38.0,0.99899,2.89,0.64,9.0
7.0,0.47,0.32,3.2,0.056,35.0,87.0,0.99493,3.4,0.63,12.9
7.8,0.51,0.25,2.0,0.05,3.0,11.0,0.99597,3.18,0.62,10.5
6.9,0.4,0.4,2.4,0.07,38.0,27.0,0.9951,3.44,0.58,12.2
6.2,0.62,0.0,1.3,0.075,16.0,39.0,0.99106,3.47,0.53,10.9
12.0,0.2,0.6,1.5,0.078,12.0,57.0,0.99803,3.04,0.72,10.0
8.0,0.31,0.25,1.6,0.081,25.0,45.0,0.99594,3.4,0.69,11.3
9.5,0.68,0.53,2.3,0.076,11.0,64.0,0.997,3.13,0.59,9.5
6.5,0.71,0.22,1.9,0.092,32.0,76.0,0.99408,3.34,0.62,10.8
7.6,0.4,0.22,3.0,0.075,12.0,25.0,1.00005,3.39,0.67,9.5
6.3,0.57,0.02,2.0,0.067,30.0,111.0,0.99406,3.31,0.58,9.8
7.1,0.41,0.32,1.7,0.074,11.0,41.0,0.99589,3.52,0.56,10.2
10.0,0.52,0.48,1.9,0.062,17.0,37.0,0.99791,3.24,0.57,9.4
6.2,0.81,0.07,1.3,0.122,23.0,102.0,0.99593,3.39,0.55,9.5
8.6,0.52,0.43,2.1,0.069,10.0,42.0,0.99606,3.35,0.56,9.8
10.3,0.41,0.43,1.7,0.082,6.0,13.0,0.99687,3.37,0.57,11.3
12.1,0.28,0.57,1.8,0.075,6.0,57.0,0.99793,2.92,0.58,9.1
7.9,0.56,0.21,1.6,0.087,33.0,72.0,0.99579,3.28,0.76,10.6
9.3,0.27,0.52,1.9,0.079,30.0,40.0,0.99614,3.23,1.03,10.5
10.4,0.59,0.31,2.0,0.079,20.0,68.0,0.999,3.3,0.59,9.5
13.7,0.55,0.7,1.9,0.089,4.0,17.0,0.99707,3.12,0.62,11.9
6.7,0.31,0.24,2.3,0.1,8.0,11.0,0.99406,3.29,0.62,11.8
8.8,0.4,0.54,4.3,0.079,9.0,73.0,0.99615,3.35,0.88,12.9
7.3,0.27,0.41,2.8,0.078,32.0,64.0,0.99617,3.36,0.64,9.5
7.1,0.3,0.29,2.4,0.056,13.0,22.0,0.99597,3.45,0.53,11.3
8.5,0.42,0.26,1.6,0.047,8.0,20.0,0.99504,3.56,0.49,10.5
11.2,0.42,0.63,1.9,0.077,19.0,86.0,0.99701,3.03,0.55,10.3
7.2,0.45,0.3,2.3,0.12,23.0,57.0,0.99287,3.34,0.76,13.6
8.3,0.29,0.4,2.4,0.078,18.0,28.0,0.99609,3.2,0.63,9.6
10.4,0.6,0.05,2.2,0.076,19.0,37.0,0.99685,3.02,0.48,9.3
8.4,0.57,0.08,6.1,0.085,6.0,23.0,0.99894,3.42,0.75,9.6
6.8,0.87,0.01,1.6,0.077,18.0,40.0,0.99518,3.47,0.53,9.3
8.2,0.86,0.01,2.0,0.09,13.0,53.0,0.99812,3.29,0.78,9.4
9.0,0.54,0.53,1.7,0.088,7.0,22.0,0.99592,3.2,0.61,11.4
5.3,0.41,0.05,3.2,0.076,33.0,159.0,0.99392,3.51,0.57,10.1
10.1,0.3,0.68,1.7,0.114,12.0,27.0,0.99591,3.21,0.88,12.1
8.7,0.43,0.32,1.8,0.073,10.0,38.0,0.99785,3.35,0.73,9.5
11.4,0.28,0.49,2.7,0.061,11.0,31.0,0.99796,3.21,0.92,10.9
7.6,0.55,0.01,2.0,0.037,17.0,35.0,0.99621,3.41,0.4,9.5
10.2,0.59,0.23,2.4,0.046,36.0,85.0,0.99707,3.32,0.48,9.6
9.0,0.67,0.31,2.3,0.092,19.0,35.0,0.99608,3.1,0.58,10.2
7.1,0.64,0.18,1.9,0.068,28.0,60.0,0.99498,3.29,0.53,10.8
8.6,0.55,0.02,2.4,0.076,2.0,12.0,0.99633,3.23,0.63,10.2
7.6,0.29,0.43,2.4,0.055,12.0,28.0,0.99403,3.43,0.44,13.5
10.0,0.34,0.46,2.9,0.072,16.0,57.0,0.99798,3.13,0.58,9.4
8.2,0.54,0.28,3.5,0.101,11.0,61.0,0.99812,3.39,0.65,10.2
6.5,0.53,0.05,1.6,0.104,8.0,37.0,0.99594,3.42,0.68,9.3
8.3,0.19,0.21,2.0,0.067,43.0,53.0,0.99598,3.23,0.61,9.5
13.7,0.48,0.49,2.1,0.096,4.0,14.0,0.99914,3.12,1.3,11.3
6.9,0.72,0.01,2.2,0.12,38.0,50.0,0.99592,3.28,0.63,9.6
10.8,0.57,0.48,2.5,0.08,9.0,16.0,0.99704,3.4,0.65,12.7
9.6,0.7,0.32,2.7,0.082,12.0,62.0,0.99787,3.29,0.66,10.1
7.2,0.82,0.02,2.4,0.093,18.0,50.0,0.99609,3.41,0.72,10.7
5.6,0.61,0.03,2.3,0.105,21.0,13.0,0.99491,3.59,0.62,10.2
14.8,0.79,0.41,1.9,0.068,14.0,24.0,0.99907,3.11,0.58,9.6
12.0,0.78,0.45,3.8,0.079,16.0,52.0,0.99983,3.24,0.75,11.0
7.1,0.57,0.06,3.3,0.116,7.0,28.0,0.99698,3.5,0.9,10.1
7.7,0.26,0.47,2.3,0.097,9.0,35.0,0.99596,3.33,0.43,10.0
8.3,0.4,0.04,2.2,0.089,16.0,32.0,0.99484,3.18,0.7,10.9
8.6,0.62,0.31,1.2,0.089,8.0,45.0,0.99703,3.18,0.83,9.4
9.0,0.43,0.31,3.3,0.051,12.0,27.0,0.99801,3.36,0.55,10.1
8.6,0.5,0.31,3.6,0.08,13.0,91.0,0.99613,3.04,0.76,10.2
7.7,0.55,0.12,2.4,0.067,7.0,14.0,0.99609,3.37,0.56,10.9
9.4,0.3,0.51,6.1,0.068,7.0,24.0,0.99793,3.39,0.76,11.9
7.1,0.68,0.22,2.0,0.081,19.0,67.0,0.99592,3.37,0.56,11.7
11.5,0.43,0.27,1.7,0.078,17.0,26.0,0.99784,3.16,0.7,10.6
7.6,0.51,0.42,2.4,0.086,29.0,282.0,0.99807,3.4,0.73,9.4
12.9,0.57,0.43,3.8,0.062,13.0,34.0,1.00131,3.08,0.59,10.1
6.0,0.67,0.02,1.9,0.07,28.0,72.0,0.99584,3.49,0.54,10.0
7.1,0.61,0.02,2.5,0.082,16.0,70.0,0.99689,3.38,0.55,9.6
4.9,0.84,0.01,1.3,0.073,6.0,43.0,0.99007,3.7,0.62,11.0
7.5,0.37,0.07,2.8,0.137,9.0,75.0,0.99713,3.11,0.75,9.2
6.7,0.55,0.16,2.0,0.112,10.0,43.0,0.99486,3.36,0.64,11.4
7.0,0.55,0.01,2.8,0.061,16.0,17.0,0.99808,3.56,0.49,9.2
9.7,0.36,0.5,2.0,0.062,6.0,21.0,0.99686,3.48,0.56,11.6
6.7,0.81,0.0,1.8,0.103,27.0,70.0,0.99594,3.25,0.6,8.9
12.8,0.32,0.77,2.2,0.117,12.0,66.0,0.99901,3.11,0.76,9.8
9.0,0.43,0.2,2.8,0.096,8.0,10.0,0.99597,3.15,0.58,10.0
7.0,0.49,0.02,1.4,0.075,29.0,77.0,0.996,3.55,0.59,9.6
10.5,0.63,0.62,1.8,0.09,27.0,110.0,1.00208,3.16,0.71,8.9
7.8,0.32,0.5,2.1,0.096,34.0,83.0,0.99698,3.32,0.9,9.4
7.2,1.03,0.02,2.1,0.104,42.0,88.0,0.99712,3.54,0.56,9.3
9.7,0.41,0.5,2.0,0.076,23.0,12.0,0.99582,3.24,0.63,11.2
6.9,0.59,0.33,2.4,0.088,13.0,48.0,0.9948,3.29,0.6,11.0
8.8,0.96,0.1,2.6,0.109,10.0,37.0,0.99803,3.29,0.6,9.6
10.3,0.65,0.24,15.5,0.096,30.0,64.0,1.00284,3.35,0.6,9.6
7.0,0.64,0.07,1.8,0.096,2.0,9.0,0.99693,3.5,0.91,9.4
13.3,0.22,0.76,4.6,0.083,3.0,14.0,0.99708,2.94,0.72,12.5
11.4,0.56,0.47,2.2,0.07,13.0,16.0,0.99795,3.19,0.49,10.2
10.0,0.61,0.31,2.2,0.085,7.0,13.0,0.99811,3.32,0.65,10.8
5.5,0.66,0.0,1.8,0.071,9.0,87.0,0.99591,3.52,0.46,9.3
7.9,0.3,0.44,2.7,0.087,18.0,154.0,0.9971,3.39,0.64,10.5
6.8,0.56,0.11,3.3,0.069,6.0,28.0,0.99612,3.52,0.57,11.9
7.6,0.26,0.31,2.1,0.081,7.0,17.0,0.99696,3.38,0.82,10.5
10.0,0.26,0.32,1.9,0.081,10.0,19.0,0.99892,3.23,0.72,9.4
8.4,0.86,0.21,1.9,0.07,9.0,34.0,0.99705,3.22,0.53,9.3
5.7,0.75,0.0,2.0,0.091,6.0,20.0,0.99384,3.43,0.69,10.8
10.1,0.31,0.38,2.8,0.069,23.0,37.0,0.99694,3.39,0.55,11.9
12.1,0.91,0.26,2.5,0.052,14.0,30.0,0.99691,2.93,0.4,9.9
8.2,0.55,0.28,3.0,0.07,7.0,22.0,0.99716,3.31,0.51,10.1
8.7,0.64,0.11,1.8,0.071,7.0,32.0,0.99604,3.37,0.57,11.7
7.8,0.33,0.31,2.5,0.071,31.0,48.0,0.99612,3.25,0.8,10.6
6.5,0.65,0.09,2.3,0.068,29.0,40.0,0.99601,3.64,0.5,10.2
7.4,0.6,0.05,2.6,0.065,9.0,58.0,0.996,3.41,0.53,10.1
6.8,0.61,0.11,2.4,0.154,21.0,71.0,0.99608,3.14,0.58,8.7
10.4,0.33,0.4,1.9,0.075,5.0,11.0,0.99591,3.28,0.54,12.1
6.3,0.32,0.24,2.6,0.067,31.0,90.0,0.99398,3.4,0.91,14.9
8.2,0.65,0.18,2.0,0.069,14.0,61.0,0.99897,3.41,0.79,9.7
9.1,0.85,0.24,2.3,0.1,9.0,21.0,0.99886,3.32,0.45,9.6
7.5,0.76,0.18,2.7,0.094,20.0,59.0,0.99704,3.2,0.71,9.4
5.9,0.75,0.02,2.2,0.072,11.0,68.0,0.99598,3.7,0.49,9.7
7.7,0.53,0.4,2.3,0.096,32.0,114.0,0.99794,3.49,0.64,10.5
8.9,0.65,0.41,2.4,0.089,6.0,27.0,0.9979,3.22,0.8,10.1
11.6,0.42,0.62,2.8,0.362,33.0,91.0,0.99818,3.08,1.11,9.5
7.9,0.62,0.04,2.6,0.075,7.0,16.0,0.99604,3.46,0.49,11.4
7.8,0.32,0.35,1.9,0.064,28.0,118.0,0.99599,3.16,0.7,10.4
12.2,0.42,0.3,1.9,0.066,27.0,40.0,0.99803,2.97,0.56,9.1
7.2,0.55,0.28,1.9,0.097,6.0,13.0,0.99588,3.2,0.53,9.8
10.9,0.45,0.67,1.9,0.068,6.0,13.0,0.9969,3.23,0.65,10.9
9.2,0.41,0.59,2.8,0.111,27.0,88.0,0.99795,3.26,0.73,11.9
6.8,0.39,0.39,1.8,0.059,11.0,41.0,0.9951,3.55,0.44,10.2
5.1,0.59,0.0,1.5,0.077,11.0,38.0,0.99099,3.54,0.57,10.6
6.6,0.48,0.25,1.6,0.075,18.0,20.0,0.99598,3.52,0.83,10.1
5.5,0.68,0.0,2.0,0.046,40.0,89.0,0.99161,3.59,0.52,12.0
7.4,0.57,0.06,3.7,0.05,11.0,36.0,0.9961,3.39,0.42,9.8
8.4,0.72,0.28,1.7,0.074,13.0,34.0,0.99599,3.28,0.67,10.7
7.6,0.31,0.4,2.2,0.095,34.0,93.0,0.99601,3.23,0.68,9.4
6.8,0.59,0.25,1.4,0.239,33.0,41.0,0.99099,3.17,0.53,10.5
6.7,0.58,0.11,4.0,0.055,15.0,66.0,0.99505,3.29,0.5,10.4
9.1,0.68,0.3,2.3,0.063,9.0,28.0,0.99795,3.41,0.58,10.6
11.0,0.62,0.3,2.3,0.073,6.0,40.0,1.00002,3.37,0.56,10.0
9.1,0.39,0.3,2.5,0.052,22.0,36.0,0.99607,3.15,0.6,10.0
10.0,0.46,0.25,1.9,0.08,4.0,9.0,0.99604,3.22,0.69,10.1
11.8,0.51,0.6,2.2,0.114,6.0,37.0,0.99803,3.06,0.85,9.9
7.5,0.64,0.01,2.4,0.095,10.0,67.0,0.9979,3.06,0.62,9.4
8.3,0.29,0.36,14.5,0.074,33.0,119.0,0.99903,3.16,0.59,9.6
8.8,0.56,0.2,3.9,0.047,4.0,32.0,0.99886,3.33,0.52,11.0
11.6,0.34,0.49,2.0,0.087,6.0,35.0,0.99808,3.16,1.04,10.0
8.0,0.47,0.23,2.3,0.064,3.0,33.0,0.99604,3.31,0.57,10.3
8.4,0.38,0.26,5.8,0.047,6.0,8.0,0.99611,3.55,0.57,14.2
12.7,0.55,0.66,2.4,0.095,7.0,30.0,0.99893,3.19,0.59,9.9
8.2,0.58,0.48,1.9,0.084,9.0,33.0,0.99606,3.13,1.06,10.1
6.0,0.45,0.01,1.7,0.066,17.0,45.0,0.99393,3.39,0.57,10.1
9.0,0.61,0.22,2.4,0.102,7.0,31.0,0.99995,3.23,0.73,8.9
7.2,0.54,0.45,2.3,0.08,4.0,47.0,0.99678,3.41,0.59,10.2
7.9,0.43,0.41,2.0,0.225,2.0,8.0,0.99592,3.23,1.35,11.6
9.3,0.6,0.49,1.4,0.078,7.0,32.0,0.99492,3.19,0.61,11.2
8.1,0.34,0.22,2.7,0.054,34.0,56.0,0.99595,3.35,0.59,12.3
7.1,0.37,0.06,2.8,0.082,18.0,17.0,0.99406,3.38,0.76,13.9
10.6,0.63,0.49,2.1,0.407,29.0,75.0,1.00004,3.11,0.7,8.9
7.5,0.63,0.04,1.8,0.073,48.0,93.0,0.99597,3.41,0.56,9.5
7.1,0.63,0.07,3.1,0.053,26.0,141.0,0.99591,3.53,0.67,11.5
11.7,0.31,0.62,2.3,0.081,8.0,18.0,1.00003,3.33,0.63,10.0
7.6,0.41,0.25,2.3,0.067,17.0,50.0,0.99791,3.36,0.55,9.5
6.7,0.24,0.35,7.9,0.077,39.0,140.0,0.99602,3.34,0.79,11.7
7.8,0.74,0.01,2.2,0.07,11.0,17.0,0.99799,3.31,0.5,9.3
8.9,0.63,0.48,2.2,0.062,13.0,42.0,0.99603,3.26,0.57,9.8
10.5,0.67,0.34,2.7,0.064,8.0,42.0,0.99906,3.2,0.59,9.4
9.3,0.55,0.14,2.0,0.094,4.0,6.0,0.99583,3.17,0.63,11.8
7.8,0.37,0.4,2.1,0.07,23.0,62.0,0.99599,3.39,0.72,10.5
6.7,0.57,0.0,5.5,0.074,16.0,42.0,0.997,3.41,0.61,11.0
9.2,0.4,0.51,2.2,0.079,22.0,41.0,0.99597,3.06,0.62,11.9
6.7,0.62,0.06,2.7,0.078,28.0,56.0,0.99595,3.41,0.54,10.6
9.4,0.51,0.48,2.1,0.052,10.0,104.0,0.99612,3.02,0.79,10.9
7.2,0.75,0.08,2.6,0.141,34.0,136.0,0.99695,3.31,0.76,9.5
9.0,0.56,0.18,1.7,0.086,6.0,11.0,0.997,3.4,0.9,10.8
8.1,0.57,0.2,2.5,0.112,3.0,13.0,0.99713,3.29,1.22,10.8
7.2,0.53,0.01,1.6,0.077,3.0,11.0,0.99587,3.21,0.57,9.4
9.5,0.74,0.5,2.2,0.077,10.0,45.0,0.99917,3.36,0.59,10.2
9.2,0.66,0.5,4.3,0.12,7.0,19.0,0.99605,3.31,0.69,12.6
7.3,0.62,0.07,2.6,0.081,18.0,72.0,1.0001,3.48,1.02,9.0
7.4,0.57,0.43,3.1,0.395,32.0,115.0,0.99975,3.34,0.69,9.0
9.5,0.56,0.44,2.0,0.609,5.0,15.0,0.99811,3.3,0.74,9.5
11.9,0.42,0.61,2.6,0.092,8.0,37.0,0.99998,3.16,0.78,10.8
9.5,0.17,0.48,1.5,0.086,7.0,16.0,0.99692,3.24,0.62,9.9
9.1,0.51,0.37,2.5,0.049,36.0,148.0,0.99794,3.22,0.61,9.5
8.9,0.66,0.38,2.6,0.085,9.0,45.0,0.9959,3.14,0.66,12.8
8.1,0.5,0.4,1.9,0.082,9.0,24.0,0.99606,3.4,0.55,10.5
9.9,0.33,0.48,2.5,0.112,26.0,51.0,0.99601,3.15,0.61,12.3
10.8,0.5,0.49,2.7,0.085,30.0,132.0,0.9971,3.06,0.71,10.2
8.6,0.32,0.49,2.0,0.077,36.0,84.0,0.99695,3.19,0.66,9.1
8.2,0.66,0.16,2.7,0.062,16.0,42.0,0.99822,3.24,0.44,9.3
7.9,0.78,0.17,2.5,0.077,18.0,53.0,0.99592,3.25,0.56,9.8
10.5,0.31,0.53,2.3,0.079,11.0,49.0,0.99805,3.17,0.58,9.6
6.6,0.43,0.34,1.9,0.133,21.0,62.0,0.99497,3.38,0.63,10.9
7.2,0.63,0.24,2.6,0.074,18.0,139.0,0.99613,3.53,0.85,11.1
7.0,0.67,0.16,5.6,0.084,54.0,101.0,0.99591,3.3,0.59,10.5
8.1,0.57,0.16,1.4,0.082,12.0,40.0,0.99699,3.45,0.66,9.2
12.6,0.49,0.53,4.5,0.068,7.0,13.0,0.99984,3.17,0.58,12.6
10.6,0.66,0.11,1.9,0.087,10.0,79.0,0.99807,3.17,0.64,9.5
8.3,0.41,0.27,1.8,0.065,9.0,30.0,0.99793,3.29,0.81,9.6
7.0,0.46,0.01,2.0,0.105,22.0,39.0,0.99513,3.35,0.48,11.3
6.3,0.41,0.24,1.8,0.087,5.0,44.0,0.99588,3.47,0.53,9.7
8.3,0.22,0.49,4.3,0.075,10.0,28.0,0.99603,3.34,0.81,13.0
7.7,0.35,0.47,2.2,0.075,7.0,75.0,0.99595,3.29,0.68,11.4
7.4,0.77,0.2,5.9,0.078,36.0,97.0,0.99687,3.23,0.61,10.3
6.3,0.29,0.1,4.0,0.084,16.0,32.0,0.99498,3.69,0.6,12.8
11.9,0.62,0.5,1.8,0.073,2.0,9.0,0.99786,3.14,0.77,10.0
8.0,0.27,0.19,1.9,0.064,13.0,39.0,0.99604,3.22,0.63,9.7
5.5,0.63,0.0,1.8,0.081,24.0,42.0,0.99493,3.46,0.62,9.7
8.6,0.36,0.49,1.9,0.085,32.0,127.0,0.99697,3.37,0.88,10.5
7.8,0.51,0.31,1.8,0.087,17.0,38.0,0.99493,3.31,0.73,11.8
5.4,0.72,0.0,1.2,0.075,14.0,23.0,0.99007,3.38,0.53,10.2
7.7,0.66,0.36,2.2,0.084,23.0,37.0,0.99589,3.2,0.61,10.9
7.3,0.34,0.08,2.3,0.07,30.0,29.0,0.99598,3.36,0.78,10.1
6.5,0.74,0.19,6.3,0.087,9.0,46.0,0.99599,3.29,0.49,10.9
6.7,0.43,0.08,2.7,0.072,32.0,34.0,0.99486,3.62,1.6,12.4
11.4,0.42,0.7,2.1,0.282,29.0,75.0,0.99797,3.07,0.64,9.8
7.7,0.64,0.17,2.5,0.091,11.0,23.0,0.99607,3.36,0.64,10.9
7.2,1.19,0.15,1.8,0.082,2.0,20.0,0.99613,3.52,0.48,9.4
6.8,0.86,0.06,2.0,0.09,6.0,46.0,0.99591,3.26,0.72,10.5
8.2,0.54,0.31,3.3,0.083,17.0,54.0,0.99807,3.35,0.55,9.5
7.5,0.29,0.27,1.8,0.057,9.0,40.0,0.99598,3.46,0.63,10.9
7.6,0.41,0.47,1.7,0.076,6.0,14.0,0.99414,3.42,0.84,12.3
8.3,0.44,0.23,2.0,0.416,10.0,40.0,0.99712,3.14,0.6,9.1
8.5,0.26,0.39,2.2,0.076,9.0,20.0,0.99682,3.24,0.63,10.5
7.8,0.91,0.22,13.0,0.113,11.0,35.0,0.99881,3.21,0.79,9.4
7.2,0.75,0.01,2.2,0.1,6.0,11.0,0.99708,3.55,0.53,9.4
8.4,0.55,0.45,2.3,0.051,10.0,54.0,0.99689,3.39,0.49,10.2
5.9,0.44,0.07,3.0,0.075,17.0,28.0,0.99501,3.58,0.6,10.9
8.5,0.53,0.22,4.6,0.207,18.0,34.0,1.0022,3.28,0.83,8.9
7.3,0.51,0.41,1.7,0.107,7.0,25.0,0.99489,3.21,0.8,10.5
8.9,0.54,0.35,2.5,0.074,28.0,88.0,1.00113,3.3,0.62,8.8
9.4,0.6,0.09,1.5,0.077,28.0,65.0,1.0001,3.31,0.91,9.1
6.9,0.56,0.02,1.6,0.078,6.0,33.0,0.99507,3.35,0.52,9.4
6.6,0.43,0.04,2.4,0.103,14.0,38.0,0.99593,3.42,0.78,9.6
7.3,0.7,0.0,2.3,0.076,33.0,111.0,0.9971,3.22,0.53,9.0
7.1,0.55,0.02,2.7,0.068,27.0,47.0,0.99702,3.4,0.57,9.7
9.1,0.58,0.19,2.6,0.08,25.0,41.0,0.99808,3.24,0.55,9.5
9.8,0.48,0.31,2.0,0.059,21.0,92.0,0.99902,3.31,0.87,9.5
8.3,0.96,0.01,2.2,0.077,11.0,70.0,0.99799,3.45,0.58,9.9
11.9,0.35,0.4,1.7,0.075,10.0,10.0,0.99999,3.24,0.59,9.5
10.7,0.31,0.49,3.6,0.074,30.0,103.0,1.00004,3.1,0.9,9.6
7.1,0.67,0.07,1.9,0.068,11.0,28.0,0.99602,3.44,0.64,10.9
9.2,0.68,0.17,2.4,0.083,12.0,90.0,0.996,2.98,0.8,9.4
6.5,0.37,0.12,2.1,0.063,55.0,135.0,0.99383,3.4,0.65,11.7
7.5,0.7,0.39,2.4,0.096,8.0,38.0,0.99497,3.35,0.62,12.6
8.5,0.44,0.32,1.7,0.08,6.0,32.0,0.99401,3.23,0.82,11.6
8.3,0.46,0.5,2.5,0.063,9.0,93.0,0.99803,3.26,1.2,9.7
8.8,0.67,0.18,8.8,0.059,7.0,17.0,0.99806,3.41,0.42,10.1
6.5,1.58,0.0,1.7,0.187,7.0,38.0,0.99696,3.42,1.17,9.5
5.4,0.35,0.14,2.0,0.07,26.0,53.0,0.99028,3.37,0.55,12.9
8.9,0.3,0.49,5.5,0.188,14.0,25.0,0.99608,3.14,0.97,11.6
9.8,0.38,0.45,2.2,0.091,16.0,33.0,0.99794,3.28,0.6,9.4
8.8,0.37,0.48,3.0,0.144,33.0,67.0,0.99602,3.14,0.64,11.6
7.8,0.39,0.41,2.3,0.078,24.0,91.0,0.99802,3.31,0.56,9.2
8.7,0.42,0.52,1.8,0.08,5.0,53.0,0.99601,3.17,0.67,11.2
6.9,0.57,0.01,2.3,0.07,14.0,67.0,0.9961,3.39,0.53,9.2
10.0,0.23,0.5,1.6,0.073,2.0,31.0,0.99521,3.02,1.0,11.1
9.1,0.33,0.5,2.3,0.072,14.0,126.0,0.99706,3.2,0.54,10.1
8.1,0.59,0.18,2.1,0.082,10.0,36.0,0.99688,3.34,0.53,10.9
6.2,0.45,0.24,2.3,0.096,24.0,83.0,0.99584,3.61,0.72,10.9
8.2,0.59,0.23,4.0,0.075,26.0,111.0,0.99713,3.16,0.57,9.7
9.3,0.41,0.33,1.9,0.07,29.0,93.0,0.99796,3.12,0.55,9.4
7.6,0.68,0.1,5.2,0.086,11.0,42.0,0.99603,3.41,0.39,13.8
5.3,0.53,0.04,2.5,0.121,13.0,21.0,0.99067,3.43,1.22,12.4
9.1,0.53,0.47,1.5,0.07,24.0,41.0,0.99485,3.27,0.73,12.2
8.7,0.27,0.64,2.2,0.099,15.0,73.0,0.99598,3.24,1.14,10.6
5.9,0.35,0.11,2.8,0.065,10.0,16.0,0.99393,3.4,0.46,11.0
10.4,0.58,0.4,6.7,0.082,29.0,98.0,0.99714,2.97,0.83,10.2
7.5,0.29,0.31,2.0,0.069,22.0,64.0,0.99398,3.3,0.82,12.5
8.3,0.62,0.39,2.0,0.073,7.0,15.0,0.99503,3.23,0.47,10.3
7.8,0.74,0.35,2.6,0.415,6.0,46.0,0.99698,3.2,0.61,9.6
6.6,0.54,0.19,2.3,0.093,15.0,23.0,0.99384,3.34,0.62,14.1
8.0,0.25,0.32,2.0,0.067,29.0,62.0,0.99518,3.43,0.6,11.9
9.0,0.63,0.37,2.2,0.101,17.0,65.0,0.99915,3.29,0.87,9.4
6.4,0.36,0.26,2.5,0.077,28.0,82.0,0.99602,3.52,0.91,10.4
7.1,0.36,0.24,2.1,0.064,21.0,29.0,0.99505,3.47,0.68,12.1
5.4,0.8,0.08,2.2,0.077,54.0,88.0,0.99491,3.5,0.5,10.4
7.0,0.68,0.0,2.1,0.042,26.0,65.0,0.99617,3.56,0.45,9.5
6.4,0.63,0.06,1.9,0.091,30.0,125.0,0.99382,3.42,0.77,11.8
7.1,0.6,0.27,2.7,0.17,36.0,132.0,0.99513,3.34,0.64,11.7
7.1,0.42,0.16,1.5,0.084,4.0,14.0,0.99688,3.37,0.59,9.4
7.0,0.85,0.15,3.2,0.069,34.0,73.0,0.99605,3.55,0.65,11.3
7.6,0.32,0.38,2.3,0.082,23.0,52.0,0.99689,3.39,0.78,10.1
7.9,0.37,0.26,2.1,0.153,10.0,16.0,0.99577,3.14,0.85,10.6
7.5,0.31,0.47,2.3,0.103,29.0,124.0,0.99699,3.33,0.62,9.8
7.2,0.73,0.16,2.3,0.074,12.0,66.0,0.99807,3.38,0.56,8.7
8.8,0.52,0.36,1.9,0.073,27.0,92.0,0.99601,3.14,0.85,12.1
9.1,0.26,0.62,2.2,0.107,26.0,59.0,0.99685,3.2,0.98,10.9
8.5,0.46,0.43,3.9,0.095,11.0,57.0,0.99815,3.09,0.65,9.3
7.7,0.48,0.3,7.3,0.078,34.0,85.0,0.99805,3.39,0.75,11.0
7.3,0.38,0.03,2.1,0.119,7.0,20.0,0.99703,3.29,0.69,9.3
7.1,0.63,0.07,2.7,0.086,23.0,108.0,0.99617,3.24,0.63,9.7
10.1,0.66,0.08,2.4,0.058,10.0,14.0,0.99599,3.24,0.82,11.8
7.9,0.59,0.11,2.7,0.072,26.0,21.0,0.99603,3.52,0.73,11.1
8.0,0.31,0.44,2.0,0.068,10.0,28.0,0.99608,3.61,0.92,11.9
6.7,0.9,0.0,2.0,0.079,11.0,12.0,0.99598,3.58,0.56,10.2
8.2,0.68,0.16,1.7,0.069,18.0,72.0,0.99705,3.07,0.47,9.0
7.8,0.48,0.14,3.2,0.094,28.0,23.0,0.99818,3.47,0.75,9.6
9.8,0.55,0.3,2.0,0.072,6.0,17.0,0.99508,3.24,0.45,11.9
8.7,0.55,0.03,2.2,0.078,2.0,14.0,0.99606,3.14,0.72,11.0
7.8,0.45,0.24,1.8,0.089,3.0,9.0,0.9961,3.29,0.56,9.4
6.6,0.5,0.11,1.9,0.082,6.0,18.0,0.99298,3.39,0.58,11.2
7.6,0.43,0.33,2.4,0.092,4.0,11.0,0.99606,3.44,0.82,10.5
7.8,0.43,0.35,1.8,0.097,15.0,27.0,0.99808,3.35,0.71,9.3
7.9,0.44,0.39,2.0,0.08,6.0,9.0,0.9951,3.38,0.44,11.0
7.3,0.24,0.32,6.5,0.052,15.0,28.0,0.99608,3.42,0.58,10.8
8.4,0.31,0.51,2.8,0.075,20.0,69.0,0.99698,3.34,0.66,11.0
7.6,0.65,0.29,1.7,0.085,10.0,33.0,0.99608,3.31,0.54,10.3
6.1,0.57,0.01,2.2,0.092,12.0,71.0,0.99226,3.26,0.8,9.6
8.4,0.54,0.31,4.1,0.074,6.0,14.0,0.9961,3.41,0.63,12.6
8.7,0.56,0.19,2.8,0.07,18.0,20.0,0.99591,3.08,0.63,11.0
8.2,0.66,0.2,1.9,0.081,4.0,12.0,0.99616,3.33,0.54,11.0
7.0,0.65,0.15,1.7,0.08,6.0,25.0,0.99592,3.09,0.54,9.1
7.6,0.43,0.5,2.2,0.082,18.0,47.0,0.99497,3.3,0.74,12.4
7.5,0.38,0.06,2.5,0.062,25.0,31.0,0.99805,3.51,0.55,9.5
7.6,0.46,0.42,3.4,0.099,10.0,24.0,0.9991,3.3,0.63,9.5
7.2,0.42,0.26,2.4,0.097,23.0,30.0,0.9961,3.43,0.64,11.0
11.4,0.42,0.68,2.6,0.085,14.0,65.0,1.0004,3.3,1.15,9.2
8.3,0.41,0.46,2.9,0.093,10.0,30.0,0.99611,3.36,0.72,12.4
7.3,0.69,0.09,2.3,0.085,28.0,52.0,0.99791,3.43,0.63,9.5
6.8,0.5,0.45,2.3,0.088,10.0,41.0,0.996,3.5,0.65,11.0
7.8,0.19,0.43,4.5,0.069,21.0,72.0,0.99797,3.13,0.74,10.3
7.7,0.52,0.23,3.6,0.268,19.0,68.0,0.99694,3.28,0.9,9.9
9.6,0.37,0.48,3.5,0.056,15.0,18.0,0.99802,3.22,0.58,9.6
8.4,0.56,0.25,2.4,0.077,50.0,105.0,0.99614,3.02,0.62,11.0
8.5,0.45,0.32,2.9,0.086,10.0,15.0,0.99789,3.03,0.53,9.5
10.7,0.38,0.45,1.9,0.084,18.0,47.0,0.99816,3.3,0.68,9.2
9.1,0.5,0.48,2.0,0.097,5.0,22.0,0.99623,3.29,0.8,10.8
6.6,0.53,0.01,2.2,0.054,10.0,27.0,0.995,3.53,0.51,10.3
9.3,0.39,0.24,2.1,0.085,9.0,35.0,0.99995,3.11,0.59,9.1
7.2,0.51,0.26,2.4,0.088,6.0,38.0,0.99595,3.29,0.72,10.0
7.3,0.79,0.26,2.9,0.109,18.0,58.0,0.99409,3.27,0.48,11.4
7.6,0.73,0.2,2.5,0.095,14.0,89.0,0.9958,3.23,0.73,10.5
5.2,0.9,0.0,3.4,0.09,38.0,152.0,0.99608,3.35,0.56,9.3
7.5,0.35,0.27,1.7,0.076,33.0,80.0,0.99404,3.37,0.64,12.5
7.7,0.83,0.01,2.0,0.051,37.0,146.0,0.9961,3.31,0.5,9.6
6.8,0.7,0.11,1.5,0.07,6.0,44.0,0.99599,3.41,0.53,10.1
6.5,0.42,0.25,2.1,0.08,15.0,31.0,0.99501,3.65,0.67,11.2
6.8,0.7,0.0,1.8,0.076,19.0,30.0,0.9961,3.43,0.58,9.7
7.8,0.55,0.18,2.1,0.109,13.0,44.0,0.99609,3.1,0.66,9.1
5.7,0.38,0.4,2.8,0.073,9.0,73.0,0.99578,3.43,0.54,10.1
9.7,0.58,0.56,2.2,0.121,6.0,38.0,1.00017,3.29,0.67,9.2
6.4,0.43,0.35,2.1,0.078,20.0,46.0,0.99404,3.35,0.48,10.3
7.6,0.5,0.37,4.2,0.079,31.0,141.0,0.99695,3.27,0.63,11.0
7.7,0.7,0.03,2.5,0.042,25.0,35.0,0.99593,3.39,0.51,13.2
7.3,0.56,0.1,2.0,0.075,14.0,132.0,0.996,3.2,0.56,9.5
7.0,0.55,0.32,3.6,0.083,25.0,133.0,0.99613,3.31,0.5,9.5
7.2,0.69,0.01,2.3,0.064,18.0,34.0,0.99718,3.43,0.5,9.4
6.6,0.32,0.19,1.6,0.227,48.0,113.0,0.9961,3.28,0.89,8.9
9.7,0.6,0.37,2.1,0.089,12.0,26.0,0.99699,3.2,0.58,11.5
8.9,0.21,0.55,2.4,0.097,30.0,102.0,0.99601,3.16,0.87,11.0
7.9,0.57,0.32,2.2,0.08,20.0,70.0,0.99587,3.31,0.56,10.4
8.2,0.38,0.22,2.3,0.075,25.0,70.0,0.99601,3.24,0.53,10.1
9.5,0.37,0.52,6.1,0.092,15.0,70.0,0.99911,2.93,0.77,9.0
10.4,0.56,0.4,2.4,0.055,5.0,14.0,0.99708,3.2,0.72,11.8
15.9,0.32,0.72,2.7,0.088,2.0,7.0,1.00207,2.97,0.72,9.5
7.6,0.54,0.11,1.6,0.083,13.0,28.0,0.99578,3.17,0.7,10.0
6.3,0.91,0.03,2.5,0.08,5.0,39.0,0.99598,3.48,0.53,9.5
8.3,0.65,0.24,3.9,0.069,18.0,41.0,0.99604,3.39,0.58,13.3
8.3,0.6,0.24,2.0,0.053,9.0,36.0,0.99695,3.33,0.64,10.5
7.5,0.76,0.23,5.7,0.084,27.0,103.0,0.99693,3.34,0.64,9.8
7.6,0.67,0.39,2.9,0.089,12.0,126.0,0.99707,3.09,0.56,9.4
7.8,0.32,0.45,2.7,0.071,10.0,13.0,0.99393,3.18,0.58,12.7
7.1,0.49,0.21,2.1,0.089,23.0,37.0,0.99702,3.43,0.85,9.6
9.2,0.42,0.02,2.5,0.052,29.0,44.0,0.99807,3.27,0.54,9.6
9.6,0.35,0.58,2.1,0.09,10.0,10.0,0.9969,3.2,0.73,9.9
7.4,0.47,0.39,2.5,0.1,28.0,78.0,0.99601,3.24,0.71,9.7
8.3,0.55,0.26,2.6,0.063,17.0,56.0,0.99596,3.36,0.58,13.5
6.2,0.61,0.04,6.5,0.055,41.0,117.0,0.99597,3.47,0.62,10.0
7.1,0.64,0.35,8.2,0.095,31.0,149.0,0.99801,3.28,0.54,9.3
7.4,0.45,0.3,1.5,0.097,6.0,13.0,0.99416,3.23,0.63,10.6
8.1,0.88,0.01,13.7,0.094,9.0,10.0,0.99906,3.34,0.68,10.1
10.1,0.54,0.57,3.0,0.094,20.0,49.0,0.99994,3.29,0.54,9.4
8.9,0.8,0.05,1.9,0.088,31.0,51.0,0.99901,3.21,0.59,9.1
10.2,0.6,0.32,2.0,0.071,6.0,45.0,0.99796,3.26,0.43,9.3
10.4,0.58,0.21,2.5,0.046,5.0,23.0,0.99804,3.12,0.53,9.6
6.7,0.75,0.0,5.8,0.077,18.0,61.0,0.9959,3.4,0.52,11.0
6.5,0.64,0.03,1.4,0.081,17.0,34.0,0.995,3.16,0.61,9.5
7.3,0.66,0.12,5.9,0.089,35.0,142.0,0.99692,3.25,0.84,10.3
7.7,0.63,0.03,1.8,0.07,11.0,26.0,0.99792,3.37,0.57,9.7
6.4,0.92,0.09,1.7,0.091,10.0,97.0,0.99506,3.41,0.65,10.9
7.5,0.35,0.24,5.3,0.047,13.0,37.0,1.00002,3.41,0.81,9.0
7.6,0.67,0.31,4.5,0.107,53.0,149.0,0.99918,3.54,0.52,9.5
4.6,0.69,0.0,1.2,0.06,11.0,12.0,0.99034,3.71,0.45,9.4
9.7,0.59,0.26,2.6,0.095,6.0,15.0,0.99804,3.26,0.81,11.0
6.6,0.92,0.19,2.4,0.083,34.0,98.0,0.9959,3.37,0.73,10.6
6.8,0.68,0.0,1.3,0.059,30.0,40.0,0.99318,3.34,0.57,11.2
9.9,0.48,0.38,1.7,0.086,22.0,87.0,0.99697,3.06,0.78,9.3
6.5,0.65,0.0,1.7,0.086,25.0,98.0,0.99593,3.57,0.46,9.4
6.9,0.71,0.14,1.3,0.077,6.0,65.0,0.99496,3.3,0.6,9.4
6.3,0.58,0.13,2.4,0.326,19.0,61.0,0.99416,3.25,0.8,10.1
10.4,0.35,0.52,3.9,0.082,34.0,94.0,0.99901,3.22,0.81,9.8
11.2,0.68,0.35,2.0,0.093,7.0,16.0,0.99803,3.1,0.57,9.2
7.6,0.54,0.31,14.2,0.102,10.0,52.0,0.99615,3.15,0.76,11.1
11.5,0.42,0.63,2.1,0.078,10.0,21.0,0.99897,3.16,0.61,9.3
8.4,0.25,0.47,3.5,0.064,40.0,62.0,0.99715,3.22,0.61,10.2
9.9,0.39,0.6,2.1,0.087,14.0,44.0,0.99613,3.24,0.64,12.2
9.1,0.34,0.54,2.3,0.078,5.0,11.0,0.99597,3.43,0.61,12.8
13.7,0.54,0.64,1.9,0.059,23.0,77.0,0.9981,2.95,0.68,10.2
7.7,0.52,0.23,3.3,0.075,19.0,57.0,0.9978,3.17,0.64,9.3
6.9,0.76,0.05,1.6,0.042,19.0,42.0,0.99498,3.3,0.43,9.6
8.4,0.6,0.42,1.4,0.096,6.0,31.0,0.99698,3.24,1.15,9.5
9.1,0.16,0.56,2.1,0.123,30.0,95.0,0.99802,3.13,0.72,9.3
9.0,0.67,0.26,2.4,0.087,10.0,94.0,0.99806,3.2,1.2,10.5
10.8,0.2,0.65,2.6,0.079,3.0,19.0,0.99712,3.27,0.65,12.1
8.4,0.4,0.49,1.7,0.082,14.0,47.0,0.99603,3.35,0.61,10.5
7.2,0.36,0.06,1.6,0.059,24.0,30.0,0.99508,3.6,0.68,11.1
7.2,0.91,0.1,2.2,0.093,17.0,36.0,0.99807,3.52,0.61,9.8
6.6,0.51,0.49,2.5,0.083,10.0,58.0,0.99594,3.35,0.54,9.4
7.5,0.68,0.01,1.6,0.058,14.0,44.0,0.99601,3.23,0.75,9.1
9.2,0.57,0.46,2.0,0.089,5.0,14.0,0.99611,3.2,0.51,9.2
9.3,0.14,0.78,2.2,0.098,15.0,24.0,0.99696,3.26,1.98,11.0
9.4,0.57,0.37,2.2,0.091,15.0,49.0,0.99695,3.18,0.57,10.4
7.1,0.33,0.01,1.6,0.078,4.0,11.0,0.99597,3.39,0.58,10.1
6.0,0.6,0.02,2.6,0.083,21.0,99.0,0.99504,3.25,0.59,9.3
6.5,0.59,0.01,1.2,0.078,9.0,26.0,0.99511,3.58,0.68,9.5
6.4,0.56,0.14,1.4,0.076,14.0,29.0,0.99171,3.18,0.65,9.9
8.7,0.46,0.34,2.5,0.086,12.0,16.0,0.99995,3.32,0.64,9.4
13.0,0.32,0.65,1.9,0.076,7.0,31.0,0.99582,2.92,0.85,12.6
9.4,0.27,0.53,3.8,0.105,4.0,16.0,0.99691,3.17,0.75,11.7
8.6,0.6,0.23,2.2,0.077,5.0,24.0,0.997,3.23,0.42,9.2
6.3,0.78,0.0,1.6,0.09,7.0,28.0,0.99792,3.69,0.59,9.5
8.5,0.33,0.18,3.4,0.081,4.0,9.0,0.99798,3.33,0.77,9.9
7.1,0.41,0.06,2.0,0.069,14.0,32.0,0.99504,3.27,0.51,9.4
7.8,0.78,0.01,1.7,0.075,14.0,27.0,0.99588,3.18,0.71,9.9
8.3,1.58,0.02,3.9,0.1,6.0,10.0,0.99822,3.35,0.81,9.7
7.1,0.34,0.08,1.9,0.082,10.0,20.0,0.99484,3.4,0.82,11.2
7.1,0.65,0.02,2.9,0.079,9.0,29.0,0.99708,3.4,0.93,11.0
6.8,0.58,0.23,2.7,0.067,47.0,150.0,0.99604,3.3,0.49,9.2
11.5,0.58,0.54,3.2,0.087,5.0,9.0,0.99708,3.31,0.62,13.0
8.4,0.68,0.07,2.1,0.073,12.0,37.0,0.99503,3.28,0.7,11.7
7.3,0.41,0.24,1.8,0.076,5.0,11.0,0.99497,3.3,1.97,12.3
6.6,0.45,0.14,2.7,0.081,7.0,31.0,0.99587,3.23,0.69,10.5
8.1,0.49,0.43,2.8,0.079,19.0,46.0,0.99612,3.43,0.54,11.7
9.3,0.58,0.3,2.8,0.104,11.0,18.0,0.9971,3.24,0.72,10.0
7.9,0.52,0.27,2.1,0.071,5.0,30.0,0.996,3.42,0.65,11.3
9.1,0.51,0.19,2.1,0.085,14.0,69.0,0.99787,3.25,0.57,9.7
7.5,0.66,0.11,2.0,0.083,30.0,94.0,0.99693,3.36,0.58,9.9
5.0,0.65,0.0,2.0,0.083,13.0,49.0,0.99381,3.37,0.5,9.5
10.5,0.4,0.42,2.0,0.083,11.0,39.0,1.00004,3.15,0.64,9.5
7.1,0.48,0.25,2.6,0.082,23.0,55.0,0.99605,3.5,0.62,10.1
10.1,0.33,0.31,1.8,0.063,6.0,31.0,0.99788,3.19,0.57,9.4
9.7,0.4,0.49,1.4,0.072,33.0,148.0,0.99587,3.14,0.86,10.9
8.1,0.39,0.23,1.6,0.075,15.0,16.0,0.99513,3.52,0.7,13.7
10.9,0.34,0.57,2.3,0.076,13.0,30.0,0.99912,3.25,0.75,10.1
8.2,0.76,0.25,2.4,0.098,11.0,19.0,0.99706,3.35,0.57,10.9
7.8,0.39,0.29,1.5,0.085,4.0,16.0,0.99604,3.2,0.74,9.6
10.1,0.59,0.2,2.9,0.077,11.0,25.0,0.9999,3.4,0.66,10.9
10.2,0.36,0.19,1.4,0.064,7.0,27.0,0.99505,3.31,0.61,12.7
8.9,0.5,0.53,2.3,0.075,40.0,289.0,0.99813,3.3,0.56,9.1
13.1,0.42,0.71,2.0,0.07,4.0,18.0,0.99688,2.99,0.85,10.9
7.0,0.79,0.0,1.7,0.077,2.0,9.0,0.99688,3.51,0.49,10.0
6.9,0.25,0.27,1.7,0.044,13.0,71.0,0.99169,3.49,0.47,13.2
7.0,0.95,0.12,1.6,0.09,4.0,49.0,0.99589,3.34,0.64,9.6
7.5,0.57,0.06,1.4,0.063,12.0,36.0,0.99602,3.4,0.46,9.1
7.4,0.55,0.3,2.2,0.083,14.0,28.0,0.99594,3.18,0.61,10.5
8.1,0.34,0.24,1.4,0.066,5.0,13.0,0.9959,3.35,0.55,10.4
11.6,0.62,0.49,2.5,0.069,6.0,16.0,0.99918,3.19,0.68,9.8
5.9,0.32,0.03,2.1,0.07,16.0,24.0,0.99402,3.44,0.62,10.8
10.3,0.49,0.05,3.0,0.054,16.0,36.0,0.99706,3.14,0.51,9.8
5.5,0.87,0.0,1.7,0.091,10.0,26.0,0.99582,3.95,0.54,9.5
6.2,0.68,0.08,2.0,0.1,6.0,33.0,0.9961,3.44,0.68,9.3
8.3,0.57,0.22,1.9,0.095,5.0,18.0,0.99606,3.46,0.58,11.4
7.8,0.6,0.17,2.0,0.228,28.0,109.0,0.9969,3.27,0.6,9.4
6.2,0.84,0.16,2.1,0.099,37.0,114.0,0.99601,3.41,0.62,9.4
13.1,0.2,0.74,1.7,0.087,15.0,40.0,0.99694,2.97,0.71,9.9
11.8,0.32,0.74,2.8,0.078,10.0,30.0,0.99804,3.03,0.69,9.6
8.4,0.41,0.02,2.3,0.075,5.0,12.0,0.99507,3.4,0.42,11.0
8.0,0.68,0.49,4.4,0.094,10.0,76.0,0.99783,3.14,0.83,10.5
10.1,0.53,0.49,2.7,0.075,8.0,51.0,0.99903,3.25,0.57,10.0
7.7,0.48,0.45,2.0,0.192,5.0,25.0,0.99596,3.17,0.83,10.1
6.8,0.66,0.11,2.3,0.088,15.0,45.0,0.99587,3.37,0.53,10.2
7.5,0.35,0.51,5.9,0.079,22.0,87.0,0.99609,3.29,0.67,12.0
9.0,1.3,0.05,1.6,0.083,11.0,34.0,0.99713,3.21,0.62,9.3
9.1,0.5,0.23,1.6,0.092,10.0,21.0,0.99706,3.36,0.57,9.2
8.3,0.29,0.33,2.0,0.067,11.0,23.0,0.99602,3.31,0.66,10.1
9.2,0.28,0.64,2.7,0.086,14.0,33.0,0.99622,3.15,0.63,9.9
9.7,0.62,0.32,2.6,0.068,8.0,31.0,1.00095,3.24,0.6,9.4
6.9,0.59,0.03,1.9,0.075,20.0,52.0,0.99476,3.43,0.88,10.5
7.7,0.95,0.02,2.3,0.12,24.0,19.0,0.998,3.38,0.7,9.5
7.8,0.55,0.26,6.3,0.073,55.0,144.0,0.99693,3.13,0.54,10.1
10.4,0.57,0.37,2.5,0.077,32.0,83.0,0.99793,3.29,0.61,10.1
7.2,0.55,0.28,1.9,0.094,24.0,82.0,0.99399,3.29,0.52,9.5
7.1,0.78,0.04,3.5,0.079,18.0,68.0,0.998,3.55,0.58,9.1
7.8,0.77,0.0,1.7,0.065,1.0,8.0,0.99783,3.46,0.34,9.5
7.2,0.38,0.26,2.7,0.087,46.0,152.0,0.99594,3.45,0.88,11.3
7.9,0.72,0.33,2.6,0.096,24.0,56.0,0.99691,3.36,0.59,10.1
5.5,0.89,0.0,2.3,0.107,12.0,91.0,0.99493,3.37,0.58,9.8
7.4,0.81,0.22,2.0,0.074,15.0,39.0,0.99587,3.23,0.59,10.4
8.2,0.64,0.56,3.4,0.118,26.0,90.0,0.99588,3.35,0.65,11.9
12.9,0.29,0.62,2.1,0.079,13.0,47.0,0.99802,3.03,0.61,9.8
6.4,0.51,0.08,3.0,0.088,30.0,65.0,0.99595,3.41,0.44,10.2
12.6,0.66,0.31,1.8,0.095,20.0,43.0,1.00012,3.14,0.71,9.3
6.2,0.37,0.07,1.9,0.045,9.0,59.0,0.99606,3.68,0.59,9.9
7.8,0.53,0.35,6.7,0.095,34.0,32.0,0.99695,3.37,0.87,11.1
8.0,0.67,0.01,1.9,0.191,1.0,6.0,0.99694,3.2,0.58,9.6
10.2,0.44,0.5,1.8,0.084,6.0,31.0,0.99679,3.29,0.81,11.7
7.8,0.57,0.26,2.0,0.08,63.0,140.0,0.99699,3.23,0.7,9.3
10.2,0.32,0.33,2.1,0.059,5.0,20.0,0.99602,3.16,0.56,11.2
6.9,0.51,0.31,4.3,0.089,19.0,36.0,0.99679,3.31,0.81,9.8
8.9,0.37,0.43,2.5,0.078,3.0,22.0,0.99801,3.38,0.5,10.2
7.0,0.57,0.28,5.5,0.108,38.0,141.0,0.99602,3.3,0.9,10.9
10.6,0.66,0.06,2.0,0.073,10.0,27.0,0.99791,3.12,0.48,9.6
6.5,0.61,0.25,3.0,0.099,13.0,17.0,0.99586,3.48,0.52,11.1
10.8,0.39,0.47,2.0,0.084,11.0,32.0,0.99796,3.22,0.93,11.3
8.5,0.58,0.3,2.1,0.043,11.0,14.0,0.99607,3.35,0.5,12.1
7.9,0.66,0.47,2.5,0.093,14.0,74.0,0.99602,3.26,0.69,11.9
8.6,0.66,0.28,1.7,0.046,19.0,138.0,0.99607,3.29,0.6,9.7
9.1,0.25,0.49,2.0,0.084,6.0,10.0,0.99693,3.03,0.99,9.6
9.0,0.31,0.48,3.7,0.079,54.0,86.0,0.99691,3.29,0.61,11.3
8.9,0.67,0.3,1.5,0.079,5.0,25.0,0.99494,3.18,0.68,10.9
8.3,0.55,0.32,1.9,0.054,6.0,27.0,0.99707,3.47,0.54,10.8
7.6,0.37,0.49,2.5,0.097,22.0,51.0,0.99608,3.3,0.77,11.3
7.6,0.62,0.21,1.7,0.14,7.0,12.0,0.99694,3.38,0.94,9.5
8.4,0.36,0.46,2.0,0.082,10.0,24.0,0.99708,3.41,0.84,10.2
10.0,0.43,0.58,2.1,0.087,11.0,23.0,0.99701,2.99,0.78,10.0
6.6,0.6,0.3,2.1,0.076,27.0,66.0,0.99586,3.3,0.56,10.2
7.8,0.65,0.02,5.8,0.115,34.0,86.0,0.99818,3.26,0.63,9.2
12.0,0.42,0.63,1.7,0.085,5.0,21.0,0.9971,3.16,0.73,10.0
7.0,0.31,0.31,2.9,0.065,10.0,18.0,0.99709,3.48,0.59,9.7
8.4,0.52,0.49,1.6,0.246,14.0,64.0,0.99805,3.16,0.89,9.3
8.3,0.81,0.05,5.9,0.053,6.0,67.0,0.99903,3.16,0.5,9.1
10.5,0.29,0.38,2.0,0.044,8.0,21.0,0.99613,3.11,0.53,10.4
7.9,0.4,0.39,2.0,0.098,18.0,67.0,0.99695,3.27,0.75,9.5
9.1,0.75,0.2,1.9,0.08,11.0,15.0,0.99812,3.42,0.59,9.5
7.5,0.72,0.07,2.3,0.099,13.0,28.0,0.99601,3.48,0.64,10.5
6.0,0.42,0.05,1.2,0.044,8.0,10.0,0.99214,3.97,0.44,10.5
10.0,0.58,0.27,2.5,0.082,18.0,32.0,0.99997,3.24,0.55,9.0
6.3,0.58,0.12,1.9,0.08,31.0,76.0,0.99584,3.67,0.55,10.4
11.1,0.48,0.15,2.1,0.069,7.0,22.0,0.99812,3.18,0.9,10.5
7.4,0.35,0.23,1.9,0.079,10.0,21.0,0.99604,3.21,0.45,10.2
9.3,0.47,0.28,2.8,0.065,30.0,20.0,0.99595,3.31,0.5,11.1
7.3,0.48,0.14,1.7,0.072,21.0,12.0,0.996,3.45,0.87,10.2
10.0,0.61,0.06,3.2,0.079,17.0,20.0,0.99805,3.16,0.66,9.8
7.6,0.35,0.33,2.4,0.081,9.0,55.0,0.99701,3.31,0.68,10.9
6.4,0.61,0.01,2.3,0.083,22.0,71.0,0.995,3.28,0.78,10.8
7.7,0.55,0.27,5.5,0.078,25.0,147.0,0.99804,3.17,0.57,9.5
8.3,0.31,0.56,2.1,0.075,7.0,13.0,0.99614,3.36,0.64,11.5
7.1,0.36,0.31,1.5,0.106,6.0,14.0,0.99605,3.42,1.3,9.9
6.9,0.46,0.22,2.3,0.072,11.0,114.0,0.99593,3.38,0.98,12.5
8.4,0.38,0.5,2.6,0.121,23.0,47.0,0.99795,3.15,0.55,9.3
6.9,0.43,0.06,5.7,0.081,20.0,27.0,0.99604,3.47,0.63,11.0
8.9,0.25,0.49,13.7,0.062,9.0,40.0,0.99796,3.26,0.66,12.0
7.5,0.74,0.08,2.3,0.098,22.0,22.0,0.99706,3.4,0.48,9.8
7.7,0.4,0.29,1.9,0.096,4.0,31.0,0.99601,3.12,0.64,9.8
5.6,0.43,0.0,1.4,0.076,10.0,12.0,0.99079,3.63,0.59,12.4
6.9,0.49,0.02,2.3,0.101,43.0,68.0,0.99683,3.32,0.87,10.0
6.8,0.53,0.03,2.0,0.052,19.0,77.0,0.99591,3.49,0.59,9.6
6.7,0.53,0.02,2.1,0.049,44.0,280.0,0.99499,3.4,0.53,9.8
9.7,0.52,0.19,2.5,0.08,9.0,23.0,0.99712,3.13,0.65,9.5
11.2,0.51,0.26,1.5,0.082,3.0,12.0,0.9981,3.15,0.9,9.8
7.3,0.52,0.47,9.0,0.107,27.0,78.0,0.9971,3.43,0.55,11.4
9.1,0.38,0.53,7.4,0.052,17.0,26.0,0.99715,3.22,0.72,10.0
8.8,0.41,0.31,2.5,0.08,9.0,13.0,0.99599,3.12,0.54,10.2
9.9,0.37,0.48,2.8,0.065,16.0,60.0,0.99705,3.24,0.68,9.5
8.9,0.59,0.32,5.4,0.065,16.0,73.0,0.99796,3.35,0.68,10.9
10.6,0.4,0.54,2.4,0.081,21.0,43.0,0.99916,3.17,0.53,9.5
7.6,0.74,0.01,1.9,0.078,27.0,42.0,0.99613,3.38,0.51,9.4
10.9,0.68,0.3,2.5,0.189,11.0,43.0,0.99875,3.12,0.66,9.6
7.5,0.7,0.18,2.2,0.077,20.0,93.0,0.99595,3.35,0.48,9.4
9.7,0.4,0.49,1.9,0.11,13.0,25.0,0.99606,3.26,0.63,10.9
8.8,0.56,0.54,2.4,0.084,11.0,112.0,0.99606,3.24,0.74,10.1
7.2,0.58,0.18,2.2,0.085,31.0,137.0,0.99402,3.39,0.59,13.3
6.3,0.65,0.01,2.9,0.075,8.0,11.0,0.99592,3.38,0.54,10.5
8.9,0.44,0.19,4.3,0.071,14.0,57.0,0.99799,3.28,0.85,11.6
6.5,0.75,0.19,2.9,0.075,13.0,48.0,0.99487,3.4,0.42,11.3
7.1,0.25,0.3,2.5,0.088,26.0,59.0,0.99594,3.36,0.77,10.8
6.8,0.51,0.36,2.3,0.105,5.0,39.0,0.99599,3.4,0.71,12.5
12.4,0.43,0.36,2.2,0.081,5.0,23.0,0.99696,3.02,0.63,9.6
11.9,0.64,0.4,1.7,0.087,11.0,13.0,1.00236,3.31,0.61,9.2
5.5,0.4,0.36,1.9,0.098,15.0,44.0,0.99353,3.54,0.8,10.9
8.4,0.6,0.29,3.7,0.071,29.0,59.0,0.99495,3.25,1.0,14.4
8.2,0.35,0.52,5.8,0.089,18.0,65.0,0.99702,3.37,0.95,10.9
11.1,0.51,0.53,2.2,0.082,9.0,28.0,0.99695,3.15,0.77,11.9
12.3,0.54,0.37,2.5,0.093,9.0,26.0,1.00013,3.25,1.17,10.9
10.4,0.38,0.69,2.0,0.094,6.0,28.0,0.99591,3.0,0.85,12.1
7.3,0.78,0.31,1.9,0.101,6.0,24.0,0.99495,3.27,0.55,10.6
6.5,0.88,0.01,2.2,0.084,16.0,57.0,0.99501,3.37,0.6,9.4
8.4,0.73,0.13,2.0,0.087,21.0,87.0,0.99693,3.19,0.56,9.4
9.1,0.28,0.38,2.5,0.081,18.0,30.0,0.99609,3.34,0.61,11.1
12.2,0.26,0.56,1.9,0.074,4.0,16.0,0.99605,3.23,0.63,12.0
14.2,0.3,0.81,1.6,0.07,5.0,43.0,0.99595,3.01,0.93,12.7
8.6,0.28,0.46,2.5,0.081,5.0,15.0,0.99506,3.31,0.57,13.7
7.3,0.58,0.24,2.0,0.074,23.0,76.0,0.99585,3.44,0.74,11.5
7.5,0.62,0.21,2.4,0.133,11.0,52.0,0.99614,3.29,0.91,9.9
7.2,0.92,0.07,2.9,0.086,10.0,46.0,0.99793,3.36,0.59,9.5
6.2,0.61,0.0,1.7,0.068,21.0,113.0,0.99574,3.58,0.65,10.2
7.3,0.51,0.07,2.0,0.086,30.0,45.0,0.99601,3.23,0.77,8.9
8.0,0.34,0.45,1.9,0.088,5.0,13.0,0.99708,3.53,0.5,9.6
7.6,0.65,0.05,2.7,0.094,12.0,35.0,0.99773,3.3,0.56,9.6
9.4,0.44,0.11,2.4,0.11,28.0,63.0,0.99989,3.34,0.8,9.8
7.6,0.58,0.3,2.1,0.101,10.0,14.0,0.99799,3.36,0.61,9.4
7.1,0.8,0.02,3.5,0.069,33.0,130.0,0.99591,3.31,0.57,9.5
8.4,0.52,0.49,3.3,0.08,5.0,14.0,0.99589,3.16,0.74,12.5
7.5,0.34,0.51,3.2,0.091,22.0,42.0,0.99609,3.23,0.62,9.8
9.5,0.65,0.11,2.4,0.073,16.0,46.0,0.9979,3.38,0.47,9.7
8.4,0.37,0.19,2.8,0.403,11.0,20.0,0.99901,3.33,1.98,9.4
7.1,1.08,0.03,1.9,0.078,9.0,29.0,0.99408,3.41,0.58,11.9
11.8,0.58,0.3,2.5,0.073,5.0,21.0,0.99986,3.27,0.43,11.0
6.3,0.88,0.0,1.9,0.066,16.0,71.0,0.99593,3.45,0.42,10.1
8.4,0.65,0.44,1.3,0.058,24.0,25.0,0.99625,3.29,0.66,9.5
7.0,0.22,0.21,1.8,0.06,17.0,53.0,0.99588,3.16,0.75,9.6
7.7,0.94,0.07,2.1,0.061,5.0,32.0,0.99901,3.19,0.55,9.1
8.3,0.51,0.26,2.0,0.08,6.0,13.0,0.99596,3.35,0.86,12.9
7.3,0.38,0.25,1.7,0.069,18.0,47.0,0.99483,3.54,0.56,12.5
6.4,0.65,0.01,2.0,0.048,34.0,23.0,0.99695,3.98,0.44,9.7
7.4,0.62,0.05,2.7,0.067,13.0,20.0,0.99803,3.48,0.48,9.5
6.3,0.29,0.08,3.1,0.05,27.0,31.0,0.9959,3.56,0.53,9.6
7.5,0.57,0.45,2.2,0.091,15.0,106.0,0.99594,3.29,0.65,11.1
7.7,0.51,0.2,2.1,0.078,21.0,60.0,0.9962,3.14,1.08,9.4
11.4,0.35,0.55,2.0,0.06,22.0,33.0,0.99703,3.18,0.7,10.9
8.2,0.66,0.3,4.0,0.101,14.0,45.0,0.99699,3.22,1.16,11.0
11.5,0.26,0.61,1.8,0.087,13.0,73.0,0.99801,3.12,0.64,9.8
6.7,0.64,0.21,2.2,0.072,19.0,78.0,0.99607,3.56,0.76,10.9
8.5,0.49,0.26,2.7,0.092,9.0,40.0,0.99708,3.23,0.72,11.7
8.5,0.5,0.28,2.5,0.083,9.0,68.0,0.99801,3.32,0.49,9.7
12.4,0.31,0.58,2.5,0.079,9.0,30.0,0.99614,2.97,0.49,10.3
7.7,0.55,0.29,3.7,0.09,23.0,139.0,0.99807,3.25,0.57,9.5
12.1,0.35,0.65,3.3,0.112,11.0,23.0,1.00017,3.3,0.76,11.1
7.0,0.52,0.2,2.4,0.087,36.0,52.0,0.99403,3.3,0.71,12.7
7.3,0.37,0.14,1.3,0.034,30.0,28.0,0.99391,3.74,0.53,13.3
8.4,0.57,0.27,2.1,0.096,17.0,34.0,0.99792,3.35,0.62,9.7
10.7,0.54,0.41,2.4,0.084,11.0,27.0,0.99717,3.12,0.66,10.9
10.0,0.35,0.5,2.1,0.089,34.0,105.0,0.99786,3.08,0.79,10.0
7.1,0.85,0.05,2.5,0.081,26.0,66.0,0.99609,3.42,0.57,10.6
7.3,0.66,0.01,2.1,0.07,22.0,72.0,0.99604,3.13,0.54,9.0
7.6,0.66,0.38,2.5,0.069,10.0,45.0,0.99688,3.39,0.62,10.2
8.1,0.66,0.09,2.6,0.061,17.0,138.0,0.99806,3.39,0.58,9.4
8.9,0.32,0.55,3.9,0.063,4.0,13.0,0.99789,3.36,0.48,9.5
6.4,0.64,0.03,2.0,0.086,3.0,14.0,0.99497,3.49,0.78,11.3
7.7,0.62,0.17,2.4,0.065,20.0,22.0,0.99607,3.26,0.57,10.8
7.2,0.42,0.49,2.4,0.12,16.0,84.0,0.99709,3.37,0.75,9.4
7.0,0.66,0.01,1.9,0.071,17.0,23.0,0.99397,3.6,0.68,13.6
6.4,0.44,0.01,1.6,0.047,16.0,25.0,0.99511,3.57,0.65,10.4
7.0,0.4,0.1,2.8,0.073,10.0,28.0,0.99501,3.34,0.68,12.6
5.4,0.51,0.08,1.8,0.047,16.0,94.0,0.99185,3.52,0.54,9.8
12.0,0.4,0.64,1.8,0.094,6.0,34.0,0.99896,3.15,0.64,9.5
6.2,0.65,0.03,2.7,0.404,20.0,88.0,0.99609,3.47,0.7,9.4
8.2,0.35,0.4,1.9,0.084,22.0,33.0,0.99694,3.28,0.75,10.1
12.2,0.53,0.43,4.1,0.098,8.0,33.0,0.99724,2.97,0.6,10.6
8.0,0.55,0.32,1.8,0.058,29.0,54.0,0.99605,3.33,0.57,11.2
10.7,0.69,0.29,2.4,0.08,17.0,38.0,1.00219,3.24,0.65,9.0
10.1,0.55,0.24,4.1,0.075,18.0,94.0,0.9989,3.25,0.93,9.5
9.1,0.27,0.56,1.9,0.07,5.0,10.0,0.998,3.3,0.94,10.9
7.0,0.29,0.54,2.1,0.073,41.0,63.0,0.99397,3.54,0.85,12.9
8.4,0.57,0.11,2.6,0.055,18.0,28.0,0.99795,3.35,0.63,11.0
13.0,0.63,0.51,2.9,0.128,25.0,91.0,1.002,2.96,0.67,9.4
9.9,0.55,0.28,1.6,0.069,24.0,42.0,0.99711,3.36,0.67,9.5
9.0,1.09,0.09,1.9,0.074,5.0,55.0,0.99603,3.3,0.62,10.8
7.3,0.75,0.16,2.0,0.149,7.0,26.0,0.99693,3.58,0.62,10.5
7.7,0.6,0.11,2.2,0.073,10.0,13.0,0.996,3.42,0.66,9.9
6.7,0.55,0.05,2.4,0.088,4.0,13.0,0.99578,3.29,0.45,9.4
9.6,0.42,0.53,2.9,0.077,11.0,54.0,0.99793,3.29,2.0,11.8
8.7,0.57,0.25,2.4,0.064,12.0,17.0,0.99799,3.39,0.57,11.2
10.2,0.56,0.28,1.6,0.072,18.0,47.0,0.99602,3.09,0.56,10.9
7.7,0.5,0.38,1.7,0.09,23.0,36.0,0.9959,3.39,0.63,13.5
7.7,0.4,0.28,2.5,0.066,15.0,48.0,0.99603,3.32,0.52,9.9
7.6,0.93,0.04,1.9,0.095,14.0,27.0,0.997,3.36,0.57,10.4
12.4,0.61,0.5,2.0,0.07,12.0,111.0,0.99796,3.17,0.62,11.1
6.9,0.62,0.39,2.4,0.075,48.0,289.0,0.99604,3.32,0.64,9.7
7.8,0.48,0.54,2.0,0.098,11.0,56.0,0.99405,3.23,0.74,12.0
6.5,0.67,0.01,2.1,0.067,12.0,49.0,0.99693,3.74,0.57,10.0
7.5,0.52,0.15,1.8,0.056,10.0,35.0,0.99397,3.12,0.47,9.5
11.8,0.52,0.46,2.1,0.073,15.0,41.0,0.99619,3.08,0.57,9.7
12.3,0.42,0.6,2.4,0.062,24.0,31.0,1.0018,3.21,0.7,9.8
11.7,0.32,0.63,2.1,0.08,12.0,26.0,0.99617,3.21,0.57,11.9
7.1,0.6,0.27,2.0,0.092,25.0,44.0,0.99581,3.42,0.57,11.7
8.4,0.26,0.51,1.6,0.065,11.0,72.0,0.99686,3.55,0.6,11.7
10.6,0.33,0.69,8.0,0.076,5.0,30.0,0.99708,3.13,0.77,11.5
7.7,0.95,0.03,1.9,0.076,5.0,14.0,0.99593,3.24,0.55,10.9
10.8,0.58,0.44,1.7,0.073,12.0,81.0,1.00004,3.11,0.48,8.8
7.4,0.43,0.09,1.8,0.083,4.0,28.0,0.99587,3.17,0.68,9.6
8.0,0.4,0.34,4.6,0.083,3.0,9.0,0.99731,3.42,0.68,10.1
10.3,0.82,0.35,2.7,0.105,17.0,40.0,0.99704,3.29,0.66,12.3
7.8,0.68,0.08,2.3,0.071,17.0,38.0,0.99623,3.51,0.69,11.1
6.8,0.68,0.01,1.9,0.068,17.0,58.0,0.9948,3.41,0.42,9.8
9.2,0.6,0.5,1.9,0.086,9.0,34.0,0.99703,3.29,0.62,9.7
6.9,0.55,0.07,2.2,0.088,12.0,38.0,0.996,3.23,0.55,9.4
8.6,0.47,0.24,3.7,0.077,17.0,15.0,0.99793,3.4,0.49,10.5
7.9,0.29,0.5,2.3,0.051,10.0,60.0,0.99687,3.35,0.45,10.9
6.5,1.16,0.01,1.7,0.083,17.0,71.0,0.99512,3.5,0.56,10.8
8.3,0.34,0.22,2.8,0.046,6.0,29.0,0.99579,3.28,0.55,11.6
8.3,0.52,0.25,2.0,0.07,13.0,46.0,0.99692,3.41,0.75,10.7
7.1,0.61,0.22,2.0,0.064,29.0,130.0,0.9979,3.48,0.54,9.0
7.0,0.32,0.29,1.8,0.089,5.0,14.0,0.99328,3.19,0.61,10.5
8.3,0.57,0.49,2.3,0.168,14.0,23.0,0.99708,3.09,0.79,9.5
7.6,0.35,0.51,2.7,0.085,33.0,55.0,0.99495,3.23,0.51,11.4
9.0,0.59,0.25,2.2,0.087,13.0,40.0,0.99797,3.21,0.64,10.1
9.3,0.77,0.23,2.3,0.076,25.0,102.0,1.00004,3.35,0.54,9.0
11.1,0.27,0.49,2.8,0.069,7.0,26.0,0.99791,3.12,0.65,10.5
13.5,0.3,0.75,2.7,0.094,11.0,43.0,0.99696,2.79,0.82,10.9
7.0,0.41,0.37,1.5,0.229,9.0,22.0,0.99582,3.29,0.51,9.3
6.9,0.61,0.15,2.5,0.062,11.0,51.0,0.99598,3.32,0.5,10.5
7.6,0.39,0.37,4.6,0.092,32.0,75.0,0.99694,3.53,0.87,10.6
10.8,0.52,0.44,2.8,0.112,14.0,27.0,1.00005,3.22,0.45,9.5
7.2,0.83,0.06,2.7,0.087,4.0,24.0,0.99691,3.33,0.56,9.5
7.7,0.78,0.19,2.1,0.095,15.0,22.0,0.99617,3.33,0.72,10.8
9.9,0.32,0.24,2.6,0.057,12.0,39.0,0.99694,3.27,0.59,11.2
7.8,0.6,0.32,2.2,0.049,11.0,12.0,0.99488,3.51,0.51,11.9
9.0,0.77,0.49,2.3,0.077,26.0,75.0,0.99911,3.16,0.52,9.4
8.3,0.34,0.31,4.7,0.066,17.0,29.0,0.99693,3.09,0.47,9.5
8.7,0.44,0.51,2.4,0.079,15.0,24.0,0.99805,3.31,0.75,9.8
7.3,0.37,0.24,1.9,0.097,37.0,148.0,0.99587,3.34,0.56,10.4
7.8,0.83,0.28,2.4,0.084,5.0,43.0,0.99597,3.22,0.52,9.9
7.2,0.73,0.06,2.3,0.042,6.0,56.0,0.99516,3.65,0.43,13.2
6.9,0.42,0.47,2.2,0.104,16.0,90.0,0.99711,3.41,0.8,9.3
11.7,0.26,0.6,2.4,0.094,14.0,18.0,0.99994,3.08,0.75,9.5
8.9,0.36,0.42,2.2,0.074,12.0,49.0,0.99897,3.22,0.91,9.4
7.1,0.53,0.44,1.4,0.609,10.0,28.0,0.99491,3.11,0.65,9.7
7.2,0.57,0.26,2.0,0.083,12.0,34.0,0.99404,3.55,0.75,12.6
6.2,0.9,0.13,2.0,0.101,21.0,85.0,0.99596,3.38,0.51,9.4
8.5,0.4,0.19,2.3,0.07,6.0,14.0,0.99604,3.3,0.59,10.7
6.9,0.49,0.13,4.4,0.077,11.0,83.0,0.995,3.4,0.6,12.1
9.0,0.51,0.25,2.1,0.087,15.0,42.0,0.99602,3.37,0.66,11.5
10.3,0.62,0.17,4.3,0.057,4.0,25.0,0.99703,3.17,0.43,10.8
10.3,0.23,0.24,4.4,0.055,26.0,40.0,0.99899,3.34,0.6,10.4
7.8,0.41,0.3,1.4,0.063,6.0,24.0,0.99258,3.45,0.44,14.3
9.0,0.52,0.38,1.8,0.081,35.0,99.0,0.99592,3.32,0.72,12.0
8.4,0.51,0.23,1.6,0.077,11.0,59.0,0.99598,3.26,0.46,11.0
7.0,0.37,0.26,2.0,0.084,10.0,27.0,0.9969,3.34,0.66,9.8
6.5,0.54,0.13,2.6,0.059,26.0,48.0,0.99485,3.45,0.58,11.2
6.1,0.38,0.0,1.7,0.076,3.0,10.0,0.9951,3.71,0.79,10.9
5.7,0.66,0.02,2.1,0.096,14.0,50.0,0.99512,3.51,0.75,12.0
9.4,0.65,0.31,1.8,0.085,6.0,39.0,0.99885,3.19,0.99,9.3
11.2,0.42,0.49,2.4,0.08,11.0,30.0,0.99795,3.31,0.61,10.6
8.0,0.52,0.4,1.7,0.107,4.0,13.0,0.99691,3.28,0.61,9.6
7.4,0.55,0.07,1.8,0.069,33.0,56.0,0.99612,3.41,0.54,10.0
7.2,0.5,0.03,4.4,0.068,14.0,105.0,0.99693,3.37,0.6,9.6
10.0,0.34,0.25,2.3,0.051,4.0,8.0,0.99698,3.17,0.62,10.9
12.7,0.68,0.49,2.6,0.096,46.0,143.0,1.00314,3.12,0.75,9.6
8.6,0.81,0.23,2.7,0.076,3.0,23.0,0.99597,3.35,0.56,12.7
7.3,0.65,0.45,2.9,0.079,11.0,73.0,0.99406,3.16,0.59,11.0
8.0,0.42,0.24,2.0,0.042,18.0,113.0,0.99797,3.46,0.57,9.4
8.2,0.5,0.49,2.1,0.095,17.0,34.0,0.99492,3.49,0.65,12.7
8.7,0.26,0.32,2.2,0.073,4.0,15.0,0.99612,3.37,0.72,10.5
10.4,0.36,0.43,2.4,0.082,10.0,31.0,0.99793,3.28,0.54,10.1
10.2,0.4,0.66,2.4,0.104,8.0,50.0,0.99806,3.1,0.78,10.5
7.4,0.65,0.05,1.9,0.159,33.0,50.0,0.9971,3.36,0.96,9.4
5.5,0.79,0.0,2.1,0.066,32.0,29.0,0.99397,3.61,0.47,9.4
8.9,0.48,0.28,2.9,0.074,14.0,44.0,0.99691,3.32,0.55,11.8
9.4,0.61,0.38,2.3,0.081,6.0,24.0,0.999,3.34,0.56,9.2
5.2,0.61,0.0,2.3,0.074,31.0,135.0,0.99586,3.3,0.55,9.2
8.6,0.6,0.4,1.9,0.09,6.0,32.0,0.99894,3.31,0.74,9.5
8.5,0.42,0.38,2.3,0.098,7.0,14.0,0.99602,3.21,0.6,11.9
9.1,0.52,0.32,2.6,0.072,31.0,42.0,1.00007,3.48,0.63,9.5
10.8,0.49,0.51,2.4,0.078,9.0,32.0,0.9968,3.15,0.51,12.4
6.8,0.53,0.07,2.1,0.079,13.0,18.0,0.99593,3.39,0.63,12.7
8.0,0.46,0.41,3.2,0.089,10.0,39.0,0.99695,3.24,0.61,9.6
12.1,0.37,0.56,2.4,0.087,9.0,14.0,0.99709,3.08,1.01,12.9
7.4,0.61,0.2,1.9,0.082,14.0,28.0,0.99701,3.56,0.54,9.9
9.2,0.64,0.27,2.0,0.076,15.0,29.0,0.99692,3.19,0.65,10.4
7.6,0.41,0.18,2.8,0.079,22.0,56.0,0.99416,3.22,0.53,11.8
8.1,0.56,0.48,3.5,0.085,38.0,85.0,0.99698,3.22,0.6,10.5
7.8,0.65,0.09,2.1,0.071,3.0,22.0,0.99606,3.3,0.46,11.1
10.7,0.63,0.15,1.4,0.058,9.0,43.0,0.99692,3.36,0.5,10.5
10.6,0.22,0.49,2.5,0.069,6.0,19.0,0.99794,3.31,0.76,10.5
7.1,0.41,0.33,4.7,0.101,17.0,33.0,0.996,3.4,0.57,11.0
7.1,0.54,0.02,4.6,0.061,11.0,30.0,0.9979,3.5,0.56,9.4
7.7,0.53,0.54,2.1,0.097,20.0,38.0,0.9961,3.26,0.5,9.5
7.0,0.48,0.25,1.7,0.131,6.0,18.0,0.99705,3.59,0.67,9.8
7.3,0.43,0.13,1.5,0.06,12.0,39.0,0.99584,3.33,0.57,10.5
6.8,0.53,0.25,2.6,0.072,16.0,140.0,0.99595,3.34,0.65,10.8
7.8,0.27,0.48,2.8,0.097,12.0,24.0,0.9998,3.52,0.67,9.5
7.1,0.49,0.21,2.4,0.076,16.0,19.0,0.99606,3.56,0.65,10.9
6.8,0.68,0.01,1.5,0.072,16.0,89.0,0.99505,3.36,0.63,10.0
7.1,0.46,0.01,2.2,0.05,13.0,43.0,0.99399,3.42,0.43,11.5
8.1,0.23,0.55,2.3,0.066,19.0,37.0,0.99501,3.29,0.95,12.4
10.3,0.31,0.26,1.8,0.076,24.0,21.0,0.99614,3.54,0.55,11.8
7.8,0.49,0.38,2.2,0.085,16.0,25.0,0.99582,3.36,1.11,10.9
8.2,0.53,0.34,2.7,0.121,26.0,39.0,0.99599,3.31,1.58,10.8
10.0,0.41,0.52,2.1,0.106,10.0,12.0,0.99602,3.37,0.72,12.7
6.8,0.29,0.32,2.2,0.076,7.0,12.0,0.99582,3.37,0.8,12.0
8.5,0.27,0.25,2.3,0.091,10.0,14.0,0.99603,3.27,0.85,10.4
6.1,0.62,0.14,2.0,0.061,6.0,40.0,0.99398,3.42,0.56,11.0
7.4,0.52,0.02,1.7,0.094,19.0,37.0,0.99594,3.35,0.72,10.5
10.8,0.65,0.39,2.3,0.091,10.0,42.0,0.99902,3.16,0.55,9.4
6.7,0.64,0.01,1.9,0.052,13.0,23.0,0.99599,4.01,0.44,9.7
6.5,0.42,0.06,2.0,0.081,6.0,24.0,0.99408,3.41,0.57,10.8
7.5,0.2,0.41,1.8,0.091,33.0,90.0,0.99496,3.41,0.63,11.1
8.2,0.75,0.26,2.3,0.072,9.0,13.0,0.99792,3.36,0.55,10.9
7.2,0.42,0.46,5.3,0.092,11.0,23.0,0.99694,3.45,0.52,10.0
11.3,0.58,0.52,2.6,0.105,7.0,19.0,0.99899,3.22,0.71,10.6
8.6,0.48,0.36,3.8,0.074,22.0,63.0,0.9961,3.16,0.73,12.2
7.0,0.55,0.04,1.7,0.043,27.0,82.0,0.99416,3.23,0.57,9.5
6.9,0.62,0.26,3.6,0.102,10.0,65.0,0.9961,3.53,0.49,9.9
7.7,0.7,0.09,2.7,0.108,5.0,22.0,0.99516,3.34,0.58,10.8
7.7,0.69,0.11,2.5,0.085,12.0,19.0,0.997,3.33,0.59,10.1
10.5,0.41,0.6,2.2,0.077,9.0,53.0,0.99812,3.24,0.64,10.5
9.5,0.51,0.26,2.0,0.091,3.0,44.0,0.99711,3.1,0.51,9.1
11.2,0.33,0.48,2.0,0.079,10.0,19.0,0.99713,3.17,0.58,10.8
12.3,0.42,0.58,8.2,0.078,10.0,14.0,0.99807,3.12,0.86,12.0
8.7,0.64,0.28,1.8,0.088,5.0,7.0,0.99595,3.37,0.78,13.0
7.4,0.57,0.34,2.4,0.082,7.0,87.0,0.99596,3.3,0.73,11.1
9.1,0.47,0.56,2.9,0.229,31.0,40.0,0.99897,3.37,0.66,10.9
7.2,0.66,0.45,2.2,0.079,3.0,10.0,0.99595,3.3,0.66,10.6
7.8,0.43,0.32,2.9,0.084,15.0,19.0,0.996,3.29,0.48,10.2
10.6,0.36,0.58,2.0,0.081,10.0,91.0,0.99802,3.18,0.65,10.2
7.0,0.53,0.02,1.6,0.089,6.0,11.0,0.99615,3.55,0.62,9.6
10.3,0.24,0.74,2.8,0.062,3.0,41.0,0.99708,3.3,0.55,11.9
10.9,0.46,0.22,2.6,0.21,18.0,18.0,0.99722,3.15,0.43,9.7
8.0,0.29,0.49,2.1,0.078,19.0,50.0,0.99597,3.25,0.53,10.9
9.4,0.54,0.25,2.5,0.08,5.0,13.0,0.99885,3.22,0.53,9.4
6.3,0.62,0.0,2.0,0.072,21.0,32.0,0.99406,3.49,0.74,12.8
5.0,0.68,0.0,1.9,0.084,32.0,98.0,0.99489,3.73,0.58,10.5
8.6,0.42,0.49,2.5,0.083,23.0,115.0,0.994,3.19,0.52,12.0
8.9,0.41,0.49,1.8,0.076,13.0,38.0,0.99596,3.27,1.35,10.8
11.6,0.21,0.45,2.0,0.055,26.0,73.0,0.99695,3.29,0.74,11.3
10.4,0.42,0.45,7.7,0.078,23.0,22.0,0.99786,3.22,0.57,10.9
9.0,0.79,0.49,2.0,0.115,6.0,53.0,0.99911,3.14,0.58,9.1
8.4,0.29,0.21,2.8,0.093,22.0,45.0,1.00199,3.62,0.75,9.5
7.5,0.72,0.1,2.6,0.072,29.0,52.0,0.99784,3.37,0.58,9.6
5.2,0.74,0.0,1.8,0.089,17.0,90.0,0.99387,3.56,0.62,11.2
9.7,0.26,0.5,2.7,0.104,25.0,22.0,0.99586,3.35,0.56,12.9
6.2,0.78,0.01,1.7,0.079,16.0,71.0,0.99599,3.58,0.51,9.4
6.5,0.97,0.0,1.6,0.056,10.0,15.0,0.99502,3.47,0.5,10.0
8.4,0.8,0.27,1.8,0.08,3.0,18.0,0.99599,3.18,0.51,10.5
9.5,0.46,0.29,2.1,0.052,6.0,25.0,0.99999,3.32,0.6,9.3
6.0,0.37,0.0,1.4,0.049,12.0,38.0,0.99488,3.41,0.55,9.3
9.3,0.49,0.5,2.6,0.115,11.0,51.0,0.99692,3.1,0.8,10.8
8.3,0.66,0.27,2.3,0.066,6.0,14.0,0.9959,3.23,0.56,11.6
7.0,0.6,0.22,3.1,0.074,47.0,154.0,0.99599,3.28,0.53,9.5
8.5,0.64,0.48,2.9,0.146,3.0,17.0,0.99907,3.19,0.67,9.3
9.9,0.71,0.43,2.2,0.076,27.0,82.0,0.99713,3.32,0.59,9.5
11.1,0.31,0.61,2.8,0.075,10.0,23.0,0.99775,3.04,0.72,9.8
9.4,0.36,0.49,2.8,0.08,25.0,87.0,1.00001,3.12,0.64,9.5
8.1,0.79,0.01,2.3,0.092,3.0,11.0,0.99786,3.4,0.62,11.0
8.0,0.73,0.06,2.3,0.072,16.0,32.0,0.99605,3.24,0.61,10.0
7.3,0.73,0.06,2.4,0.075,37.0,282.0,0.99802,3.39,0.69,9.6
7.6,0.6,0.38,3.6,0.095,11.0,72.0,0.99706,3.23,0.82,9.6
4.8,0.67,0.0,1.8,0.074,25.0,56.0,0.99513,4.0,0.46,9.1
8.7,0.61,0.22,1.8,0.081,11.0,23.0,0.99704,3.18,0.68,9.4
8.2,0.51,0.41,14.6,0.077,10.0,103.0,0.9961,3.35,0.8,12.7
9.3,0.36,0.55,1.9,0.089,5.0,25.0,0.99612,3.21,0.79,11.5
7.5,0.57,0.19,1.7,0.075,23.0,44.0,0.996,3.4,0.72,11.2
7.6,0.49,0.39,2.3,0.094,6.0,57.0,0.99801,3.23,0.71,9.8
7.5,0.59,0.18,2.3,0.07,11.0,28.0,0.99582,3.32,0.71,12.4
9.6,0.6,0.57,2.6,0.077,23.0,63.0,0.99898,3.4,0.82,11.1
13.1,0.37,0.61,2.4,0.077,8.0,24.0,0.99901,3.18,0.57,10.2
6.2,0.73,0.1,2.4,0.055,37.0,34.0,0.99404,3.68,0.65,12.5
8.4,0.49,0.01,2.6,0.081,10.0,17.0,0.99706,3.32,0.52,10.0
10.3,0.33,0.63,5.6,0.234,14.0,21.0,0.99711,3.12,0.86,10.5
7.7,0.45,0.48,2.3,0.051,9.0,15.0,0.99619,3.46,0.53,10.3
7.3,0.7,0.09,2.1,0.081,8.0,13.0,0.99798,3.35,0.71,9.5
6.9,0.54,0.06,1.8,0.071,4.0,22.0,0.99594,3.44,0.55,10.5
7.1,0.75,0.01,1.9,0.078,27.0,92.0,0.99598,3.51,0.65,9.6
6.7,0.4,0.12,2.3,0.076,58.0,90.0,0.99583,3.41,0.64,10.9
11.3,0.37,0.48,2.6,0.089,18.0,86.0,0.99796,3.13,0.71,9.9
7.1,0.78,0.0,2.5,0.074,9.0,12.0,0.99605,3.5,0.55,10.9
8.4,0.56,0.36,2.4,0.083,9.0,15.0,0.9982,3.29,0.71,10.1
7.2,0.58,0.1,2.1,0.07,10.0,16.0,0.99605,3.43,0.5,10.2
6.0,0.56,0.12,2.1,0.07,5.0,21.0,0.99407,3.42,0.58,10.9
9.9,0.53,0.6,2.6,0.157,6.0,17.0,0.99781,3.17,0.74,11.4
9.6,0.2,0.52,2.1,0.108,6.0,15.0,0.99723,3.06,0.68,9.2
7.9,0.55,0.05,1.9,0.082,5.0,12.0,0.99605,3.37,0.56,10.2
9.4,0.47,0.47,3.0,0.082,26.0,84.0,0.99716,3.3,0.74,10.3
6.0,0.64,0.1,1.9,0.074,31.0,152.0,0.99494,3.57,0.58,9.5
7.7,0.27,0.15,3.9,0.067,29.0,107.0,0.99705,3.28,0.49,9.5
10.4,0.43,0.54,1.9,0.078,4.0,15.0,0.99713,3.09,0.66,10.5
9.0,0.51,0.08,2.1,0.066,4.0,11.0,0.99609,3.27,0.55,11.3
11.0,0.24,0.49,6.0,0.085,8.0,22.0,0.9989,3.22,0.71,12.2
7.7,0.58,0.44,2.3,0.082,31.0,46.0,0.99599,3.41,0.61,11.0
6.9,0.74,0.0,2.5,0.074,10.0,29.0,0.99788,3.45,0.58,9.7
5.7,0.5,0.2,8.3,0.078,19.0,43.0,0.99601,3.5,0.59,10.4
9.2,0.59,0.45,2.0,0.09,5.0,33.0,0.9961,2.97,0.71,9.5
5.4,0.35,0.26,5.8,0.06,11.0,23.0,0.99502,3.53,0.55,11.5
12.2,0.36,0.5,2.0,0.061,34.0,55.0,0.99997,3.25,0.81,9.4
6.4,0.86,0.08,1.7,0.104,10.0,42.0,0.99413,3.24,0.68,9.8
7.2,0.54,0.08,2.1,0.065,19.0,59.0,0.99607,3.36,0.53,10.1
7.3,0.56,0.31,3.5,0.086,38.0,117.0,0.99802,3.25,0.62,9.5
10.4,0.5,0.49,10.8,0.079,23.0,45.0,1.00001,3.4,0.85,10.4
12.8,0.21,0.54,2.4,0.081,37.0,47.0,0.99987,3.11,0.62,9.7
7.0,0.41,0.13,2.5,0.054,12.0,17.0,0.99598,3.54,0.54,10.1
8.3,0.49,0.37,1.5,0.077,2.0,9.0,0.99596,3.35,0.53,9.9
12.0,0.27,0.63,2.0,0.072,7.0,26.0,0.99603,3.16,0.67,12.0
6.1,0.54,0.06,3.0,0.052,29.0,43.0,0.99494,3.53,0.64,11.1
10.0,0.4,0.35,1.9,0.07,22.0,52.0,0.99415,3.17,0.79,12.9
7.3,0.38,0.05,1.8,0.085,3.0,11.0,0.99406,3.54,0.59,14.4
7.6,0.71,0.43,2.2,0.082,5.0,19.0,0.9941,3.23,0.48,11.3
8.9,0.32,0.39,2.4,0.055,6.0,21.0,0.99598,3.3,0.64,12.3
6.6,0.57,0.0,1.9,0.099,6.0,21.0,0.99392,3.42,0.64,11.9
11.3,0.71,0.2,2.5,0.1,7.0,68.0,1.0013,3.12,0.69,9.2
10.7,0.68,0.16,3.0,0.13,6.0,25.0,1.00191,3.23,0.75,10.2
8.3,0.53,0.24,1.7,0.061,12.0,64.0,0.99589,3.16,0.54,9.8
5.1,0.75,0.02,3.8,0.08,11.0,32.0,0.99593,3.91,0.68,9.9
7.7,1.58,0.02,2.3,0.077,7.0,16.0,0.99701,3.34,0.7,9.8
10.5,0.44,0.44,2.1,0.102,12.0,106.0,0.99696,3.15,0.78,10.9
9.7,0.32,0.4,2.8,0.089,6.0,24.0,0.99612,3.21,0.78,12.4
7.2,0.45,0.06,1.8,0.089,36.0,41.0,0.99597,3.23,1.13,9.6
7.6,0.46,0.24,2.9,0.089,66.0,114.0,0.99582,3.19,0.54,9.6
7.1,0.73,0.09,2.4,0.096,18.0,39.0,0.99772,3.36,0.54,9.3
8.6,1.0,0.26,2.8,0.053,6.0,22.0,0.99796,3.42,0.45,10.0
12.6,0.47,0.56,2.1,0.076,6.0,27.0,0.99695,3.02,0.54,11.0
8.4,0.69,0.38,2.4,0.07,8.0,10.0,0.99801,3.25,0.67,9.6
7.6,0.47,0.23,2.8,0.087,22.0,70.0,0.9971,3.14,0.8,9.4
7.2,0.93,0.25,2.0,0.102,25.0,46.0,0.99602,3.14,0.77,9.4
10.2,0.49,0.49,2.6,0.103,11.0,37.0,0.99705,3.01,0.75,10.2
11.5,0.38,0.63,2.5,0.06,13.0,56.0,1.00013,3.28,0.57,9.4
8.7,0.37,0.02,2.1,0.077,10.0,19.0,0.99602,3.36,0.6,10.8
9.2,0.25,0.54,2.5,0.05,11.0,42.0,0.99588,3.29,0.54,11.9
7.1,0.3,0.46,2.0,0.054,24.0,86.0,0.99575,3.39,0.42,9.8
12.2,0.44,0.38,8.4,0.118,33.0,15.0,1.0011,3.24,1.21,10.2
6.9,0.58,0.48,2.0,0.07,17.0,16.0,0.9918,3.37,0.59,12.6
10.4,0.34,0.46,2.6,0.079,7.0,32.0,0.99791,3.01,0.67,10.1
8.5,0.78,0.02,2.3,0.053,55.0,62.0,0.99603,3.21,0.56,10.8
7.0,0.32,0.39,2.2,0.081,18.0,48.0,0.99401,3.37,0.73,12.8
9.8,0.55,0.3,7.1,0.089,9.0,19.0,0.99891,3.21,0.64,11.6
7.7,0.63,0.23,2.7,0.081,18.0,47.0,0.99701,3.3,0.63,9.4
7.2,0.77,0.0,1.6,0.1,31.0,89.0,0.99694,3.15,0.59,8.9
7.9,0.39,0.16,1.8,0.071,11.0,24.0,0.99585,3.27,0.57,10.9
8.1,0.52,0.49,2.5,0.084,11.0,12.0,0.99603,3.37,0.66,11.4
10.4,0.67,0.37,1.6,0.1,11.0,40.0,0.99989,3.29,0.77,9.1
7.8,0.66,0.28,2.3,0.611,31.0,117.0,0.99597,3.1,0.88,9.7
10.1,0.63,0.09,1.5,0.064,9.0,12.0,0.99606,3.35,0.44,9.4
8.5,0.42,0.5,2.6,0.086,9.0,46.0,0.99712,3.37,0.65,9.8
7.7,0.29,0.57,2.2,0.116,6.0,11.0,0.99682,3.5,0.81,11.1
12.3,0.21,0.71,1.7,0.04,27.0,36.0,0.99509,3.1,0.77,14.9
7.9,0.7,0.01,2.1,0.609,11.0,14.0,0.9999,3.4,0.64,9.3
7.6,0.65,0.06,2.2,0.1,11.0,64.0,0.99591,3.21,0.53,9.8
7.7,0.59,0.39,2.6,0.079,6.0,30.0,0.99607,3.23,0.78,10.3
6.3,0.76,0.02,2.2,0.072,12.0,30.0,0.99416,3.48,0.53,11.8
6.7,0.6,0.16,2.0,0.099,34.0,131.0,0.996,3.32,0.59,9.7
8.0,0.67,0.2,2.1,0.079,13.0,61.0,0.99716,3.3,0.72,9.5
6.9,0.68,0.15,2.4,0.122,7.0,25.0,0.99516,3.18,0.5,9.5
10.6,0.28,0.56,2.0,0.119,7.0,11.0,0.9989,3.21,0.64,9.3
8.7,0.31,0.56,1.5,0.072,20.0,35.0,0.99707,3.32,1.14,9.5
8.6,0.59,0.11,2.4,0.082,12.0,44.0,0.99706,3.21,0.63,9.9
7.1,0.7,0.23,2.6,0.099,8.0,33.0,0.9961,3.33,0.75,10.9
10.5,0.69,0.41,2.5,0.077,33.0,63.0,0.99693,3.2,0.46,10.9
15.4,0.18,0.82,2.1,0.115,12.0,39.0,1.00016,2.93,0.91,9.3
8.5,0.31,0.38,2.0,0.063,19.0,32.0,0.99607,3.37,0.55,11.7
8.3,0.5,0.31,2.0,0.06,19.0,83.0,0.99605,3.3,0.51,10.9
7.4,0.68,0.27,1.5,0.079,16.0,51.0,0.99511,3.15,0.57,9.6
7.8,0.62,0.16,1.5,0.046,20.0,62.0,0.99415,3.35,0.57,11.0
11.1,0.63,0.03,2.3,0.089,4.0,19.0,0.99992,3.06,0.8,9.4
11.2,0.17,0.75,6.0,0.06,16.0,134.0,0.99606,2.91,0.66,12.1
7.9,0.96,0.17,1.7,0.079,7.0,13.0,0.99579,3.37,0.55,11.7
8.7,0.62,0.12,2.0,0.064,9.0,32.0,0.99902,3.41,0.52,9.4
8.8,0.43,0.45,2.5,0.087,6.0,12.0,0.99609,3.31,0.58,12.9
8.0,0.54,0.54,2.0,0.088,3.0,19.0,0.99606,3.3,0.45,10.0
10.0,0.65,0.55,2.1,0.098,21.0,64.0,0.996,3.33,0.56,11.9
7.5,0.77,0.14,2.3,0.1,4.0,14.0,0.99613,3.48,0.6,10.6
7.3,0.5,0.08,3.4,0.057,12.0,22.0,0.99695,3.68,0.61,11.7
7.1,0.69,0.01,1.6,0.088,23.0,57.0,0.996,3.42,0.55,9.4
8.8,0.43,0.34,2.5,0.054,14.0,42.0,0.99786,3.35,0.56,9.4
7.4,0.5,0.23,2.6,0.071,10.0,16.0,0.99616,3.56,0.59,12.0
6.8,0.72,0.01,2.4,0.093,12.0,46.0,0.99503,3.42,0.67,12.2
7.0,0.42,0.01,1.9,0.065,37.0,86.0,0.99592,3.43,0.6,9.5
7.2,0.49,0.07,2.0,0.093,7.0,17.0,0.9927,3.34,0.77,12.6
15.4,0.28,0.67,2.4,0.1,7.0,21.0,1.00225,3.25,1.11,11.0
8.4,0.37,0.31,2.3,0.092,7.0,61.0,0.99788,3.09,0.85,9.3
7.0,0.61,0.25,1.5,0.075,13.0,66.0,0.99596,3.3,0.52,9.2
9.2,0.51,0.48,10.7,0.087,10.0,58.0,0.99797,3.3,0.73,11.0
7.9,0.61,0.25,2.3,0.061,21.0,60.0,0.99686,3.39,0.73,10.7
8.7,0.43,0.51,1.9,0.109,41.0,47.0,0.99493,3.31,0.61,12.7
7.1,0.56,0.15,2.0,0.095,20.0,56.0,0.99612,3.31,0.59,10.1
7.1,0.42,0.06,2.6,0.057,23.0,35.0,0.99407,3.46,0.66,11.4
6.6,0.47,0.14,4.0,0.09,13.0,31.0,0.99587,3.5,0.57,11.3
8.7,0.51,0.44,2.0,0.115,11.0,31.0,0.99482,3.03,0.77,11.4
7.2,0.4,0.24,3.5,0.077,8.0,50.0,0.99679,3.45,0.65,10.6
10.6,0.21,0.5,2.7,0.353,10.0,31.0,0.99803,3.16,1.14,11.2
8.1,0.78,0.23,2.0,0.065,8.0,12.0,0.99614,3.36,0.6,10.1
8.1,0.92,0.01,5.9,0.064,15.0,33.0,0.99891,3.35,0.44,9.5
7.0,0.6,0.1,1.9,0.073,5.0,28.0,0.99582,3.44,0.39,10.1
9.1,0.57,0.16,1.7,0.091,6.0,15.0,0.99612,3.13,0.58,9.2
10.0,0.51,0.41,2.3,0.069,20.0,39.0,0.99692,3.41,0.67,11.0
8.0,0.59,0.26,1.7,0.084,6.0,16.0,0.99597,3.15,0.83,10.6
11.5,0.71,0.41,3.0,0.095,14.0,27.0,1.00192,3.22,0.73,9.6
6.3,0.9,0.02,2.7,0.083,6.0,19.0,0.99602,3.48,0.42,10.1
10.2,0.61,0.21,2.6,0.092,6.0,26.0,0.99799,3.18,0.59,10.8
8.8,0.18,0.59,3.2,0.072,10.0,31.0,0.99606,3.3,0.57,12.7
7.7,0.44,0.24,5.5,0.083,24.0,70.0,0.99595,3.09,0.74,10.3
8.7,0.37,0.54,2.7,0.116,27.0,67.0,0.9969,3.08,0.8,9.5
7.6,0.51,0.06,1.7,0.074,8.0,16.0,0.99593,3.39,0.55,9.7
6.3,0.49,0.1,2.6,0.078,13.0,32.0,0.99237,3.15,0.74,11.4
8.9,0.61,0.23,2.9,0.073,6.0,18.0,0.9961,3.14,0.79,10.9
10.1,0.3,0.65,3.4,0.082,12.0,64.0,0.9961,3.27,0.67,12.3
6.5,0.52,0.31,3.1,0.081,7.0,34.0,0.99707,3.28,0.55,9.0
10.6,0.67,0.07,1.8,0.087,11.0,15.0,0.99829,3.27,0.52,9.7
7.4,0.19,0.49,1.8,0.076,37.0,110.0,0.99595,3.21,0.71,9.4
8.6,0.56,0.4,1.8,0.083,4.0,15.0,0.99708,3.33,0.81,9.6
9.9,0.41,0.43,2.0,0.099,9.0,17.0,0.99594,3.16,0.97,12.4
13.5,0.25,0.61,2.8,0.05,5.0,27.0,0.99795,3.04,0.54,10.1
7.3,0.36,0.13,1.9,0.089,3.0,13.0,0.996,3.29,0.8,9.5
7.1,0.52,0.01,1.5,0.073,11.0,10.0,0.9951,3.41,0.57,11.2
12.3,0.17,0.75,2.4,0.097,17.0,86.0,1.00119,3.2,0.79,9.4
8.0,0.39,0.25,2.0,0.119,15.0,12.0,0.99598,3.35,0.94,11.0
12.2,0.64,0.49,2.4,0.086,5.0,37.0,0.99998,3.01,0.53,9.1
7.1,0.38,0.25,2.4,0.075,10.0,25.0,0.99594,3.36,0.69,10.8
10.2,0.59,0.16,2.2,0.064,17.0,33.0,0.99709,3.25,0.58,10.0
7.8,0.78,0.01,1.9,0.063,32.0,37.0,0.99581,3.28,0.48,12.3
8.6,0.53,0.27,7.4,0.088,21.0,62.0,0.9987,3.02,0.73,9.3
9.8,0.58,0.35,2.0,0.159,49.0,53.0,0.99902,3.1,0.46,9.2
7.1,0.63,0.33,3.5,0.074,31.0,114.0,0.99594,3.33,0.92,11.8
5.3,0.59,0.29,2.1,0.115,6.0,42.0,0.99281,3.47,1.18,12.0
6.9,0.45,0.08,1.6,0.076,9.0,14.0,0.99408,3.53,0.82,12.6
6.0,0.25,0.18,2.6,0.066,10.0,76.0,0.99524,3.6,0.63,12.1
6.6,0.47,0.13,2.8,0.052,18.0,24.0,0.99573,3.69,0.64,12.0
10.4,0.41,0.31,1.9,0.061,13.0,56.0,0.997,3.16,0.62,9.4
8.4,0.15,0.51,2.9,0.097,6.0,28.0,0.99791,3.15,1.14,9.7
7.3,0.5,0.55,3.5,0.083,18.0,30.0,0.99613,3.46,0.53,11.8
6.9,0.68,0.0,2.0,0.076,5.0,9.0,0.99598,3.42,0.6,10.9
7.1,0.34,0.05,1.7,0.075,17.0,82.0,0.99576,3.45,0.67,10.4
9.1,0.57,0.45,3.3,0.065,15.0,88.0,0.99799,3.29,0.71,10.5
6.5,0.54,0.3,4.0,0.115,12.0,55.0,0.9942,3.44,0.75,12.4
7.8,0.65,0.02,2.6,0.054,28.0,57.0,0.99708,3.43,0.57,10.4
7.3,0.55,0.23,1.7,0.05,13.0,12.0,0.99588,3.38,0.65,10.6
9.8,0.62,0.25,1.5,0.082,10.0,28.0,0.99595,3.13,0.58,10.5
6.5,0.79,0.07,2.3,0.089,18.0,89.0,0.996,3.43,0.64,10.8
5.4,0.57,0.2,1.5,0.106,19.0,72.0,0.99584,3.59,0.67,9.4
7.8,0.64,0.4,2.2,0.069,15.0,34.0,0.99789,3.48,0.55,9.8
6.6,0.59,0.0,2.3,0.041,26.0,55.0,0.99616,3.52,0.56,9.6
8.5,0.39,0.35,6.4,0.088,21.0,38.0,0.99805,3.32,0.54,10.9
9.6,0.42,0.41,1.8,0.055,20.0,96.0,0.99623,3.26,0.85,12.7
7.6,0.55,0.33,2.5,0.07,16.0,68.0,0.99614,3.37,0.55,10.2
10.3,0.47,0.62,2.4,0.104,10.0,40.0,0.99685,3.11,0.64,12.4
8.3,0.53,0.48,2.3,0.164,11.0,44.0,0.99506,3.12,0.94,11.0
7.4,0.9,0.01,1.8,0.085,10.0,15.0,0.99693,3.36,0.56,9.1
7.1,0.45,0.06,3.8,0.071,6.0,28.0,0.99503,3.3,0.44,11.7
6.9,0.81,0.03,2.3,0.078,15.0,88.0,0.99613,3.2,0.68,9.5
6.3,0.63,0.09,1.8,0.086,19.0,93.0,0.99218,3.39,0.66,11.5
10.4,0.33,0.25,2.6,0.069,26.0,49.0,0.99897,3.4,1.98,11.1
7.9,0.39,0.02,2.3,0.072,14.0,49.0,0.99794,3.38,0.71,9.9
5.1,0.48,0.01,2.0,0.084,28.0,100.0,0.99007,3.55,0.54,12.4
8.9,0.64,0.42,1.7,0.081,11.0,20.0,0.99792,3.2,0.85,9.1
9.0,0.28,0.42,2.9,0.077,22.0,73.0,0.99695,3.19,0.63,10.5
6.6,0.42,0.33,2.2,0.61,27.0,71.0,0.99497,3.29,0.94,9.6
10.3,0.48,0.12,1.4,0.081,2.0,7.0,0.99684,3.13,0.74,9.8
12.5,0.42,0.63,1.5,0.077,10.0,24.0,1.00001,3.14,0.6,9.0
7.5,0.64,0.27,2.9,0.115,13.0,112.0,0.99892,3.32,0.7,9.5
7.7,0.47,0.25,2.8,0.078,27.0,79.0,0.99707,3.35,0.83,9.7
6.5,0.59,0.09,2.5,0.097,7.0,60.0,0.99695,3.32,0.51,9.1
7.1,0.32,0.42,3.9,0.084,34.0,57.0,0.99597,3.35,0.64,11.3
9.1,0.5,0.59,2.4,0.088,5.0,66.0,0.99594,3.23,0.53,11.4
9.6,0.67,0.29,1.8,0.611,14.0,54.0,0.99709,3.11,0.7,9.3
10.0,0.36,0.59,3.1,0.095,9.0,64.0,0.99727,3.21,0.59,10.9
6.7,0.74,0.0,2.1,0.064,18.0,17.0,0.99694,3.68,0.58,9.6
6.8,0.34,0.46,1.8,0.054,31.0,63.0,0.99509,3.52,0.45,10.1
8.6,0.27,0.45,2.1,0.067,10.0,20.0,0.99596,3.43,0.59,11.4
8.3,0.36,0.15,2.2,0.076,7.0,25.0,0.99628,3.44,0.68,10.0
6.7,0.7,0.0,3.0,0.085,6.0,10.0,0.99588,3.5,0.5,10.1
6.9,0.58,0.17,2.2,0.045,55.0,64.0,0.99584,3.42,0.73,10.4
6.7,0.4,0.28,2.1,0.081,20.0,33.0,0.99585,3.34,0.83,12.0
9.3,0.33,0.32,1.5,0.09,7.0,18.0,0.99709,3.3,0.62,9.6
6.3,0.35,0.23,1.6,0.095,6.0,12.0,0.99391,3.35,0.66,11.0
9.8,0.6,0.18,4.1,0.071,24.0,96.0,0.99805,3.21,0.4,9.8
8.4,0.44,0.2,1.5,0.064,20.0,65.0,0.99594,3.36,0.51,11.0
9.1,0.66,0.15,2.6,0.077,20.0,72.0,0.99894,3.35,0.52,9.4
7.4,0.25,0.31,1.8,0.086,20.0,15.0,0.99595,3.39,0.66,10.2
6.7,0.56,0.27,1.9,0.072,4.0,16.0,0.99622,3.39,0.54,9.5
9.7,0.57,0.55,1.5,0.107,35.0,97.0,0.99707,3.04,0.72,9.8
10.8,0.8,0.48,2.6,0.422,9.0,47.0,0.99901,3.11,0.98,9.6
6.3,0.8,0.0,1.9,0.097,16.0,67.0,0.99585,3.52,0.66,9.5
5.5,0.41,0.01,2.0,0.058,8.0,22.0,0.99132,3.73,0.69,13.2
8.1,0.59,0.32,2.2,0.089,12.0,50.0,0.9988,3.34,0.82,9.4
6.2,0.6,0.01,2.2,0.096,33.0,40.0,0.99682,3.95,0.9,10.5
6.7,0.63,0.02,1.8,0.089,26.0,69.0,0.99603,3.49,0.58,9.1
7.5,0.47,0.4,2.8,0.072,27.0,115.0,0.99505,3.25,0.67,12.3
9.0,0.64,0.08,2.8,0.094,17.0,33.0,1.00289,3.23,0.79,8.8
11.3,0.36,0.52,3.3,0.093,27.0,109.0,0.99816,3.01,0.81,9.6
11.6,0.97,0.26,1.9,0.088,4.0,24.0,1.00006,3.29,0.64,10.2
8.4,0.67,0.0,1.9,0.072,5.0,9.0,0.99808,3.28,0.61,9.4
6.8,0.73,0.11,2.3,0.072,11.0,19.0,0.99597,3.36,0.49,10.0
8.3,0.67,0.21,2.3,0.078,15.0,36.0,0.99692,3.32,0.51,10.1
7.8,0.52,0.33,1.7,0.08,6.0,55.0,0.99497,3.24,0.52,9.4
7.1,0.97,0.03,3.2,0.072,6.0,50.0,0.99704,3.23,0.89,10.0
8.6,0.38,0.42,1.5,0.077,31.0,135.0,0.99589,3.16,0.57,10.2
8.1,0.65,0.17,2.0,0.079,17.0,20.0,0.99612,3.57,0.59,11.7
11.6,0.39,0.49,2.1,0.074,4.0,12.0,0.9989,3.05,0.46,9.1
12.9,0.53,0.73,3.7,0.368,32.0,99.0,1.00238,2.99,0.77,9.3
6.7,0.73,0.1,6.2,0.084,28.0,46.0,0.99705,3.67,0.7,12.0
7.5,0.35,0.31,1.5,0.076,13.0,57.0,0.99504,3.3,0.51,9.7
5.1,0.43,0.06,1.2,0.075,15.0,98.0,0.9925,3.65,0.55,9.9
11.5,0.45,0.56,2.2,0.119,11.0,25.0,0.99804,3.22,0.79,10.4
8.3,0.2,0.45,1.8,0.078,7.0,10.0,0.9943,3.11,0.55,11.2
7.4,0.24,0.48,2.0,0.065,10.0,14.0,0.99488,3.26,0.66,11.1
7.5,0.39,0.23,1.6,0.07,9.0,9.0,0.99384,3.48,0.77,12.4
9.2,0.79,0.26,2.3,0.079,6.0,18.0,0.99699,3.29,0.79,10.1
11.7,0.5,0.01,1.8,0.084,30.0,12.0,0.9981,3.27,0.67,9.3
6.5,0.35,0.06,2.0,0.08,22.0,89.0,0.99605,3.43,0.67,10.0
10.8,0.39,0.45,2.3,0.075,11.0,20.0,0.99786,3.27,0.6,10.8
7.3,0.51,0.32,6.4,0.099,23.0,63.0,0.99897,3.45,0.74,10.2
7.7,0.73,0.04,2.2,0.075,3.0,23.0,0.99694,3.35,0.64,9.5
10.5,0.56,0.11,1.7,0.078,16.0,80.0,0.997,3.19,0.56,9.9
7.6,0.42,0.42,1.5,0.12,10.0,28.0,0.99407,3.29,0.68,11.8
6.1,0.43,0.01,2.5,0.045,26.0,18.0,0.99353,3.61,0.62,11.6
12.3,0.38,0.69,2.5,0.075,14.0,100.0,1.00265,3.15,0.6,9.2
11.5,0.61,0.54,5.0,0.078,8.0,45.0,0.99803,3.19,0.9,10.6
11.2,0.36,0.61,2.5,0.086,14.0,32.0,0.99984,3.15,0.75,9.7
9.0,0.62,0.05,4.8,0.072,3.0,6.0,0.99808,3.49,0.48,11.3
7.6,0.72,0.05,2.0,0.078,20.0,112.0,0.99717,3.36,0.65,9.5
7.7,0.66,0.22,2.1,0.079,6.0,15.0,0.99702,3.35,0.4,9.4
7.7,0.58,0.24,2.2,0.063,63.0,59.0,0.99611,3.34,0.52,9.6
7.0,0.39,0.55,2.0,0.081,17.0,44.0,0.99506,3.43,0.91,10.9
10.9,0.33,0.32,2.2,0.081,11.0,19.0,0.9979,3.31,0.64,11.1
9.0,0.49,0.52,1.7,0.118,29.0,43.0,0.99803,3.28,0.81,9.1
15.0,0.21,0.71,5.4,0.092,60.0,157.0,1.00004,3.01,0.47,9.9
6.0,0.59,0.33,2.0,0.099,9.0,64.0,0.99247,3.32,0.49,10.3
7.5,1.03,0.09,2.6,0.079,15.0,43.0,0.99805,3.31,0.52,9.4
7.3,0.69,0.27,4.9,0.094,16.0,13.0,0.99708,3.45,0.44,9.7
6.7,0.55,0.07,2.1,0.079,10.0,14.0,0.99596,3.34,0.6,9.5
9.1,0.43,0.42,2.5,0.085,16.0,30.0,0.99706,3.24,0.65,11.4
8.3,0.59,0.39,1.8,0.078,17.0,24.0,0.99709,3.27,1.96,9.8
7.4,0.54,0.08,2.0,0.056,9.0,17.0,0.99139,3.25,0.67,13.6
7.2,0.62,0.26,1.6,0.099,17.0,65.0,0.99584,3.34,0.62,10.5
7.4,1.07,0.02,2.6,0.083,23.0,45.0,0.99598,3.17,0.55,9.9
8.8,0.52,0.38,2.2,0.094,15.0,74.0,0.9979,3.24,0.58,9.4
6.3,0.7,0.1,1.6,0.097,9.0,14.0,0.99591,3.38,0.71,9.6
8.0,0.58,0.17,2.4,0.081,6.0,21.0,0.99691,3.28,0.6,10.2
9.8,0.52,0.27,1.7,0.095,16.0,57.0,0.99801,3.3,0.87,9.6
12.5,0.41,0.73,2.5,0.067,6.0,35.0,0.99897,3.19,0.63,11.6
7.9,0.49,0.37,2.3,0.08,10.0,50.0,0.99399,3.11,0.63,12.3
6.8,0.69,0.09,6.2,0.072,7.0,31.0,0.99694,3.33,0.6,9.5
7.8,0.58,0.14,3.3,0.08,6.0,22.0,0.99692,3.16,0.51,9.5
7.1,0.52,0.1,2.2,0.085,15.0,24.0,0.99406,3.23,0.56,10.1
10.9,0.66,0.36,1.4,0.057,7.0,32.0,0.99815,3.2,0.54,9.5
8.9,0.35,0.31,2.1,0.085,5.0,30.0,0.99599,3.2,0.62,11.9
15.9,0.37,0.72,2.3,0.073,16.0,86.0,1.00256,3.04,0.64,10.2
9.8,0.39,0.43,2.0,0.077,17.0,26.0,0.99713,3.24,0.58,9.5
7.5,0.26,0.5,2.3,0.068,6.0,28.0,0.99384,3.23,0.57,12.8
7.1,0.67,0.02,4.2,0.074,20.0,22.0,0.997,3.49,0.83,10.4
10.4,0.21,0.4,1.7,0.099,20.0,56.0,0.99613,3.08,0.68,10.1
11.6,0.33,0.55,2.0,0.109,10.0,22.0,0.99701,2.99,0.65,9.9
7.3,0.68,0.01,1.7,0.082,20.0,15.0,0.9959,3.55,0.5,10.1
6.5,0.69,0.02,5.1,0.166,39.0,153.0,0.99612,3.31,0.62,9.7
8.4,0.34,0.23,6.0,0.085,16.0,50.0,0.99716,3.33,0.58,11.7
7.1,0.57,0.47,2.0,0.095,11.0,72.0,0.99602,3.19,0.7,9.4
10.3,0.3,0.64,2.9,0.104,19.0,275.0,1.00096,3.21,0.93,9.5
8.0,0.63,0.05,2.5,0.048,11.0,15.0,0.99606,3.41,0.83,11.9
8.3,0.4,0.38,1.5,0.079,2.0,8.0,0.99702,3.41,0.47,9.5
6.4,1.21,0.0,1.9,0.103,26.0,27.0,0.99596,3.52,0.5,9.3
6.0,0.75,0.0,1.9,0.077,18.0,15.0,0.9951,3.52,0.55,9.3
7.2,0.49,0.37,2.8,0.087,16.0,32.0,0.99696,3.35,0.82,10.0
7.1,0.26,0.44,2.1,0.082,12.0,19.0,0.99398,3.12,0.58,11.9
13.1,0.32,0.67,1.7,0.076,20.0,37.0,0.99807,3.1,0.79,10.1
8.3,0.42,0.49,2.6,0.105,7.0,21.0,0.99598,3.27,0.94,11.8
10.1,0.43,0.54,1.5,0.062,3.0,9.0,0.99403,3.25,0.45,12.4
7.5,0.34,0.54,2.0,0.062,12.0,27.0,0.99405,3.47,0.59,12.6
7.0,0.77,0.05,1.7,0.057,17.0,59.0,0.9951,3.39,0.78,9.8
8.4,0.37,0.57,2.2,0.111,10.0,12.0,0.99687,3.33,0.65,10.5
8.7,0.58,0.21,1.9,0.065,10.0,27.0,0.99604,3.41,0.59,12.5
8.4,0.57,0.24,2.0,0.065,10.0,19.0,0.99594,3.13,0.55,11.6
9.7,0.59,0.27,2.1,0.069,10.0,44.0,0.99686,3.21,0.58,11.0
10.0,0.38,0.64,3.3,0.069,17.0,56.0,0.99817,3.14,0.47,9.4
7.1,0.43,0.31,1.8,0.075,11.0,17.0,0.9958,3.28,0.63,10.5
7.2,0.66,0.06,1.8,0.072,22.0,43.0,0.99621,3.36,0.52,8.9
9.1,0.43,0.24,1.5,0.087,10.0,23.0,0.99691,3.39,0.77,10.4
10.4,0.31,0.63,3.3,0.08,14.0,89.0,0.99895,3.23,0.82,10.9
6.9,0.49,0.24,2.8,0.073,10.0,22.0,0.99706,3.37,0.79,10.4
8.4,0.41,0.23,1.6,0.05,6.0,25.0,0.99612,3.49,0.94,11.7
11.5,0.57,0.67,2.9,0.097,25.0,107.0,1.00012,3.0,0.58,9.5
7.8,0.42,0.38,2.7,0.101,12.0,39.0,0.99598,3.31,0.67,11.1
6.8,0.4,0.28,2.0,0.073,25.0,45.0,0.99594,3.41,0.55,9.5
6.3,0.57,0.01,1.9,0.073,11.0,32.0,0.99402,3.34,0.56,9.7
7.7,0.68,0.01,4.1,0.055,16.0,104.0,0.99726,3.36,0.45,10.1
6.8,0.49,0.03,2.0,0.079,22.0,25.0,0.99596,3.37,0.62,10.3
5.8,0.67,0.07,2.1,0.072,25.0,90.0,0.99592,3.66,0.56,9.4
10.4,0.36,0.52,1.8,0.076,21.0,34.0,0.99698,3.29,0.65,10.0
7.5,0.42,0.27,6.7,0.093,14.0,22.0,0.99686,3.37,0.64,10.6
6.3,0.81,0.0,2.4,0.064,17.0,18.0,0.99409,3.61,0.57,11.9
6.5,0.5,0.02,2.0,0.103,29.0,63.0,0.99515,3.42,0.72,10.9
10.8,0.62,0.47,2.2,0.081,8.0,55.0,0.99801,3.04,0.5,9.6
7.7,0.34,0.37,1.9,0.074,10.0,14.0,0.99618,3.39,0.69,10.9
7.0,0.93,0.09,2.5,0.171,10.0,25.0,0.99606,3.12,0.55,9.5
8.3,0.39,0.07,1.9,0.072,11.0,24.0,0.99591,3.37,0.49,10.0
8.4,0.78,0.16,2.1,0.101,11.0,28.0,0.99904,3.5,0.59,9.9
6.4,0.61,0.0,2.0,0.049,6.0,10.0,0.99595,3.66,0.62,10.3
7.8,0.91,0.09,2.7,0.085,20.0,49.0,0.99616,3.34,0.5,9.9
7.7,0.65,0.17,1.9,0.084,6.0,55.0,0.99588,3.23,0.56,11.1
8.4,0.59,0.34,2.0,0.105,28.0,84.0,0.99689,3.22,0.92,9.9
